{"v":"5.5.7","meta":{"g":"LottieFiles AE 0.1.21","a":"","k":"","d":"","tc":""},"fr":60,"ip":0,"op":120,"w":1920,"h":1920,"nm":"Comp 1","ddd":0,"assets":[],"layers":[{"ddd":0,"ind":1,"ty":4,"nm":"Shape Layer 3","parent":4,"sr":1,"ks":{"o":{"a":0,"k":50,"ix":11},"r":{"a":0,"k":0,"ix":10},"p":{"a":1,"k":[{"i":{"x":0.667,"y":1},"o":{"x":0.749,"y":0},"t":0,"s":[349.022,459.471,0],"to":[0,-29.5,0],"ti":[0,-44.572,0]},{"i":{"x":0.319,"y":1},"o":{"x":0.333,"y":0},"t":30,"s":[349.022,282.471,0],"to":[0,44.572,0],"ti":[0,0,0]},{"i":{"x":0.667,"y":1},"o":{"x":0.668,"y":0},"t":60,"s":[349.022,726.903,0],"to":[0,0,0],"ti":[0,44.572,0]},{"i":{"x":0.667,"y":1},"o":{"x":0.333,"y":0},"t":90,"s":[349.022,282.471,0],"to":[0,-44.572,0],"ti":[0,-29.5,0]},{"t":120.0000048877,"s":[349.022,459.471,0]}],"ix":2},"a":{"a":0,"k":[-204,-16,0],"ix":1},"s":{"a":1,"k":[{"i":{"x":[0.667,0.667,0.667],"y":[1,1,1]},"o":{"x":[0.333,0.333,0.333],"y":[0,0,0]},"t":30,"s":[149.254,149.254,100]},{"i":{"x":[0.667,0.667,0.667],"y":[1,1,1]},"o":{"x":[0.333,0.333,0.333],"y":[0,0,0]},"t":60,"s":[122.254,122.254,100]},{"t":90.0000036657751,"s":[149.254,149.254,100]}],"ix":6}},"ao":0,"shapes":[{"ty":"gr","it":[{"d":1,"ty":"el","s":{"a":0,"k":[244,244],"ix":2},"p":{"a":0,"k":[0,0],"ix":3},"nm":"Ellipse Path 1","mn":"ADBE Vector Shape - Ellipse","hd":false},{"ty":"fl","c":{"a":0,"k":[1,0.847058883368,0,1],"ix":4},"o":{"a":0,"k":100,"ix":5},"r":1,"bm":0,"nm":"Fill 1","mn":"ADBE Vector Graphic - Fill","hd":false},{"ty":"tr","p":{"a":0,"k":[-204,-16],"ix":2},"a":{"a":0,"k":[0,0],"ix":1},"s":{"a":0,"k":[100,100],"ix":3},"r":{"a":0,"k":0,"ix":6},"o":{"a":0,"k":100,"ix":7},"sk":{"a":0,"k":0,"ix":4},"sa":{"a":0,"k":0,"ix":5},"nm":"Transform"}],"nm":"Ellipse 1","np":3,"cix":2,"bm":0,"ix":1,"mn":"ADBE Vector Group","hd":false}],"ip":90.0000036657751,"op":120.0000048877,"st":0,"bm":0},{"ddd":0,"ind":2,"ty":4,"nm":"Shape Layer 1","parent":4,"sr":1,"ks":{"o":{"a":0,"k":50,"ix":11},"r":{"a":0,"k":0,"ix":10},"p":{"a":1,"k":[{"i":{"x":0.667,"y":1},"o":{"x":0.749,"y":0},"t":0,"s":[349.022,459.471,0],"to":[0,-29.5,0],"ti":[0,-44.572,0]},{"i":{"x":0.319,"y":1},"o":{"x":0.333,"y":0},"t":30,"s":[349.022,282.471,0],"to":[0,44.572,0],"ti":[0,0,0]},{"i":{"x":0.667,"y":1},"o":{"x":0.668,"y":0},"t":60,"s":[349.022,726.903,0],"to":[0,0,0],"ti":[0,44.572,0]},{"i":{"x":0.667,"y":1},"o":{"x":0.333,"y":0},"t":90,"s":[349.022,282.471,0],"to":[0,-44.572,0],"ti":[0,-29.5,0]},{"t":120.0000048877,"s":[349.022,459.471,0]}],"ix":2},"a":{"a":0,"k":[-204,-16,0],"ix":1},"s":{"a":1,"k":[{"i":{"x":[0.667,0.667,0.667],"y":[1,1,1]},"o":{"x":[0.333,0.333,0.333],"y":[0,0,0]},"t":30,"s":[149.254,149.254,100]},{"i":{"x":[0.667,0.667,0.667],"y":[1,1,1]},"o":{"x":[0.333,0.333,0.333],"y":[0,0,0]},"t":60,"s":[122.254,122.254,100]},{"t":90.0000036657751,"s":[149.254,149.254,100]}],"ix":6}},"ao":0,"shapes":[{"ty":"gr","it":[{"d":1,"ty":"el","s":{"a":0,"k":[244,244],"ix":2},"p":{"a":0,"k":[0,0],"ix":3},"nm":"Ellipse Path 1","mn":"ADBE Vector Shape - Ellipse","hd":false},{"ty":"fl","c":{"a":0,"k":[1,0.847058883368,0,1],"ix":4},"o":{"a":0,"k":100,"ix":5},"r":1,"bm":0,"nm":"Fill 1","mn":"ADBE Vector Graphic - Fill","hd":false},{"ty":"tr","p":{"a":0,"k":[-204,-16],"ix":2},"a":{"a":0,"k":[0,0],"ix":1},"s":{"a":0,"k":[100,100],"ix":3},"r":{"a":0,"k":0,"ix":6},"o":{"a":0,"k":100,"ix":7},"sk":{"a":0,"k":0,"ix":4},"sa":{"a":0,"k":0,"ix":5},"nm":"Transform"}],"nm":"Ellipse 1","np":3,"cix":2,"bm":0,"ix":1,"mn":"ADBE Vector Group","hd":false}],"ip":0,"op":30.0000012219251,"st":0,"bm":0},{"ddd":0,"ind":3,"ty":4,"nm":"cloud1 Outlines 3","sr":1,"ks":{"o":{"a":0,"k":100,"ix":11},"r":{"a":0,"k":0,"ix":10},"p":{"a":1,"k":[{"i":{"x":0.667,"y":1},"o":{"x":0.621,"y":0},"t":0,"s":[959.9999999999987,1073.9999999999984,0],"to":[-65.5,0,0],"ti":[0,12.667,0]},{"i":{"x":0.359,"y":1},"o":{"x":0.333,"y":0},"t":30,"s":[566.9999999999992,1073.9999999999984,0],"to":[0,-12.667,0],"ti":[-127.333,0,0]},{"i":{"x":0.667,"y":1},"o":{"x":0.333,"y":0},"t":60,"s":[959.9999999999987,997.9999999999987,0],"to":[127.333,0,0],"ti":[0,-12.667,0]},{"i":{"x":0.667,"y":1},"o":{"x":0.333,"y":0},"t":90,"s":[1330.9999999999982,1073.9999999999984,0],"to":[0,12.667,0],"ti":[61.833,0,0]},{"t":120.0000048877,"s":[959.9999999999987,1073.9999999999984,0]}],"ix":2},"a":{"a":0,"k":[653.5,653.5,0],"ix":1},"s":{"a":1,"k":[{"i":{"x":[0.833,0.833,0.833],"y":[0.833,0.833,0.833]},"o":{"x":[0.167,0.167,0.167],"y":[0.167,0.167,0.167]},"t":13,"s":[66.99999999999991,66.99999999999991,100]},{"i":{"x":[0.833,0.833,0.833],"y":[0.833,0.833,0.833]},"o":{"x":[0.167,0.167,0.167],"y":[0.167,0.167,0.167]},"t":40,"s":[45.999999999999936,45.999999999999936,100]},{"i":{"x":[0.833,0.833,0.833],"y":[0.833,0.833,0.833]},"o":{"x":[0.167,0.167,0.167],"y":[0.167,0.167,0.167]},"t":79,"s":[45.999999999999936,45.999999999999936,100]},{"t":107.000004358199,"s":[66.99999999999991,66.99999999999991,100]}],"ix":6}},"ao":0,"shapes":[{"ty":"gr","it":[{"ind":0,"ty":"sh","ix":1,"ks":{"a":0,"k":{"i":[[0,0],[0,0],[0,86.242],[-91.882,0],[-17.991,-6.313],[0,0],[0,0],[-94.627,0],[-33.591,-23.967],[0,0],[0,0],[-63.994,0],[0,-108.507],[0.195,-2.771],[0,0],[0,0],[0,-69.688],[88.079,-5.014],[0,0],[0,0]],"o":[[0,0],[-85.748,-8.281],[0,-91.882],[18.539,0],[0,0],[0,0],[17.365,-92.96],[41.034,0],[0,0],[0,0],[36.883,-52.589],[108.507,0],[0,2.824],[0,0],[0,0],[65.635,23.889],[0,88.15],[0,0],[0,0],[0,0]],"v":[[-351.402,267.575],[-353.733,266.754],[-504.138,100.944],[-337.499,-65.695],[-282.438,-56.187],[-278.457,-54.783],[-277.679,-58.933],[-84.397,-219.365],[29.68,-182.73],[32.647,-180.611],[34.739,-183.594],[195.842,-267.575],[392.62,-70.797],[392.242,-62.421],[391.87,-56.425],[394.406,-55.507],[504.138,100.944],[347.059,267.089],[343.644,267.284],[343.644,267.575]],"c":true},"ix":2},"nm":"Path 1","mn":"ADBE Vector Shape - Group","hd":false},{"ty":"fl","c":{"a":0,"k":[0.3137254901960784,0.7686274509803922,0.9137254901960784,1],"ix":4},"o":{"a":0,"k":100,"ix":5},"r":1,"bm":0,"nm":"Fill 1","mn":"ADBE Vector Graphic - Fill","hd":false},{"ty":"tr","p":{"a":0,"k":[674.803,625.448],"ix":2},"a":{"a":0,"k":[0,0],"ix":1},"s":{"a":0,"k":[100,100],"ix":3},"r":{"a":0,"k":0,"ix":6},"o":{"a":0,"k":100,"ix":7},"sk":{"a":0,"k":0,"ix":4},"sa":{"a":0,"k":0,"ix":5},"nm":"Transform"}],"nm":"Group 1","np":2,"cix":2,"bm":0,"ix":1,"mn":"ADBE Vector Group","hd":false}],"ip":90.0000036657751,"op":120.0000048877,"st":0,"bm":0},{"ddd":0,"ind":4,"ty":4,"nm":"cloud1 Outlines","sr":1,"ks":{"o":{"a":0,"k":100,"ix":11},"r":{"a":0,"k":0,"ix":10},"p":{"a":1,"k":[{"i":{"x":0.667,"y":1},"o":{"x":0.621,"y":0},"t":0,"s":[959.9999999999987,1073.9999999999984,0],"to":[-65.5,0,0],"ti":[0,12.667,0]},{"i":{"x":0.359,"y":1},"o":{"x":0.333,"y":0},"t":30,"s":[566.9999999999992,1073.9999999999984,0],"to":[0,-12.667,0],"ti":[-127.333,0,0]},{"i":{"x":0.667,"y":1},"o":{"x":0.333,"y":0},"t":60,"s":[959.9999999999987,997.9999999999987,0],"to":[127.333,0,0],"ti":[0,-12.667,0]},{"i":{"x":0.667,"y":1},"o":{"x":0.333,"y":0},"t":90,"s":[1330.9999999999982,1073.9999999999984,0],"to":[0,12.667,0],"ti":[61.833,0,0]},{"t":120.0000048877,"s":[959.9999999999987,1073.9999999999984,0]}],"ix":2},"a":{"a":0,"k":[653.5,653.5,0],"ix":1},"s":{"a":1,"k":[{"i":{"x":[0.833,0.833,0.833],"y":[0.833,0.833,0.833]},"o":{"x":[0.167,0.167,0.167],"y":[0.167,0.167,0.167]},"t":13,"s":[66.99999999999991,66.99999999999991,100]},{"i":{"x":[0.833,0.833,0.833],"y":[0.833,0.833,0.833]},"o":{"x":[0.167,0.167,0.167],"y":[0.167,0.167,0.167]},"t":40,"s":[45.999999999999936,45.999999999999936,100]},{"i":{"x":[0.833,0.833,0.833],"y":[0.833,0.833,0.833]},"o":{"x":[0.167,0.167,0.167],"y":[0.167,0.167,0.167]},"t":79,"s":[45.999999999999936,45.999999999999936,100]},{"t":107.000004358199,"s":[66.99999999999991,66.99999999999991,100]}],"ix":6}},"ao":0,"shapes":[{"ty":"gr","it":[{"ind":0,"ty":"sh","ix":1,"ks":{"a":0,"k":{"i":[[0,0],[0,0],[0,86.242],[-91.882,0],[-17.991,-6.313],[0,0],[0,0],[-94.627,0],[-33.591,-23.967],[0,0],[0,0],[-63.994,0],[0,-108.507],[0.195,-2.771],[0,0],[0,0],[0,-69.688],[88.079,-5.014],[0,0],[0,0]],"o":[[0,0],[-85.748,-8.281],[0,-91.882],[18.539,0],[0,0],[0,0],[17.365,-92.96],[41.034,0],[0,0],[0,0],[36.883,-52.589],[108.507,0],[0,2.824],[0,0],[0,0],[65.635,23.889],[0,88.15],[0,0],[0,0],[0,0]],"v":[[-351.402,267.575],[-353.733,266.754],[-504.138,100.944],[-337.499,-65.695],[-282.438,-56.187],[-278.457,-54.783],[-277.679,-58.933],[-84.397,-219.365],[29.68,-182.73],[32.647,-180.611],[34.739,-183.594],[195.842,-267.575],[392.62,-70.797],[392.242,-62.421],[391.87,-56.425],[394.406,-55.507],[504.138,100.944],[347.059,267.089],[343.644,267.284],[343.644,267.575]],"c":true},"ix":2},"nm":"Path 1","mn":"ADBE Vector Shape - Group","hd":false},{"ty":"fl","c":{"a":0,"k":[0.3137254901960784,0.7686274509803922,0.9137254901960784,1],"ix":4},"o":{"a":0,"k":100,"ix":5},"r":1,"bm":0,"nm":"Fill 1","mn":"ADBE Vector Graphic - Fill","hd":false},{"ty":"tr","p":{"a":0,"k":[674.803,625.448],"ix":2},"a":{"a":0,"k":[0,0],"ix":1},"s":{"a":0,"k":[100,100],"ix":3},"r":{"a":0,"k":0,"ix":6},"o":{"a":0,"k":100,"ix":7},"sk":{"a":0,"k":0,"ix":4},"sa":{"a":0,"k":0,"ix":5},"nm":"Transform"}],"nm":"Group 1","np":2,"cix":2,"bm":0,"ix":1,"mn":"ADBE Vector Group","hd":false}],"ip":0,"op":30.0000012219251,"st":0,"bm":0},{"ddd":0,"ind":5,"ty":4,"nm":"Layer 1/flash Outlines 4","parent":13,"sr":1,"ks":{"o":{"a":0,"k":50,"ix":11},"r":{"a":0,"k":0,"ix":10},"p":{"a":0,"k":[662.482,1013.707,0],"ix":2},"a":{"a":0,"k":[653.5,653.5,0],"ix":1},"s":{"a":0,"k":[59.836,59.836,100],"ix":6}},"ao":0,"shapes":[{"ty":"gr","it":[{"ind":0,"ty":"sh","ix":1,"ks":{"a":0,"k":{"i":[[0,0],[0,0],[0,0],[0,0],[0,0],[0,0]],"o":[[0,0],[0,0],[0,0],[0,0],[0,0],[0,0]],"v":[[51.551,-375.434],[-196.308,51.55],[-51.55,51.55],[-51.55,375.434],[196.309,-51.551],[51.551,-51.551]],"c":true},"ix":2},"nm":"Path 1","mn":"ADBE Vector Shape - Group","hd":false},{"ty":"fl","c":{"a":0,"k":[1,0.800000059838,0,1],"ix":4},"o":{"a":0,"k":100,"ix":5},"r":1,"bm":0,"nm":"Fill 1","mn":"ADBE Vector Graphic - Fill","hd":false},{"ty":"tr","p":{"a":0,"k":[635.544,590.937],"ix":2},"a":{"a":0,"k":[0,0],"ix":1},"s":{"a":0,"k":[100,100],"ix":3},"r":{"a":0,"k":0,"ix":6},"o":{"a":0,"k":100,"ix":7},"sk":{"a":0,"k":0,"ix":4},"sa":{"a":0,"k":0,"ix":5},"nm":"Transform"}],"nm":"Group 1","np":2,"cix":2,"bm":0,"ix":1,"mn":"ADBE Vector Group","hd":false}],"ip":60.0000024438501,"op":63.0000025660426,"st":0,"bm":0},{"ddd":0,"ind":6,"ty":4,"nm":"Layer 1/flash Outlines 3","parent":13,"sr":1,"ks":{"o":{"a":0,"k":50,"ix":11},"r":{"a":0,"k":0,"ix":10},"p":{"a":0,"k":[986.028,1051.638,0],"ix":2},"a":{"a":0,"k":[653.5,653.5,0],"ix":1},"s":{"a":0,"k":[69.16,69.16,100],"ix":6}},"ao":0,"shapes":[{"ty":"gr","it":[{"ind":0,"ty":"sh","ix":1,"ks":{"a":0,"k":{"i":[[0,0],[0,0],[0,0],[0,0],[0,0],[0,0]],"o":[[0,0],[0,0],[0,0],[0,0],[0,0],[0,0]],"v":[[51.551,-375.434],[-196.308,51.55],[-51.55,51.55],[-51.55,375.434],[196.309,-51.551],[51.551,-51.551]],"c":true},"ix":2},"nm":"Path 1","mn":"ADBE Vector Shape - Group","hd":false},{"ty":"fl","c":{"a":0,"k":[1,0.800000059838,0,1],"ix":4},"o":{"a":0,"k":100,"ix":5},"r":1,"bm":0,"nm":"Fill 1","mn":"ADBE Vector Graphic - Fill","hd":false},{"ty":"tr","p":{"a":0,"k":[635.544,590.937],"ix":2},"a":{"a":0,"k":[0,0],"ix":1},"s":{"a":0,"k":[100,100],"ix":3},"r":{"a":0,"k":0,"ix":6},"o":{"a":0,"k":100,"ix":7},"sk":{"a":0,"k":0,"ix":4},"sa":{"a":0,"k":0,"ix":5},"nm":"Transform"}],"nm":"Group 1","np":2,"cix":2,"bm":0,"ix":1,"mn":"ADBE Vector Group","hd":false}],"ip":55.0000022401959,"op":57.0000023216576,"st":0,"bm":0},{"ddd":0,"ind":7,"ty":4,"nm":"Layer 1/flash Outlines 2","parent":13,"sr":1,"ks":{"o":{"a":0,"k":50,"ix":11},"r":{"a":0,"k":0,"ix":10},"p":{"a":0,"k":[466.758,1023.563,0],"ix":2},"a":{"a":0,"k":[653.5,653.5,0],"ix":1},"s":{"a":0,"k":[59.574,59.574,100],"ix":6}},"ao":0,"shapes":[{"ty":"gr","it":[{"ind":0,"ty":"sh","ix":1,"ks":{"a":0,"k":{"i":[[0,0],[0,0],[0,0],[0,0],[0,0],[0,0]],"o":[[0,0],[0,0],[0,0],[0,0],[0,0],[0,0]],"v":[[51.551,-375.434],[-196.308,51.55],[-51.55,51.55],[-51.55,375.434],[196.309,-51.551],[51.551,-51.551]],"c":true},"ix":2},"nm":"Path 1","mn":"ADBE Vector Shape - Group","hd":false},{"ty":"fl","c":{"a":0,"k":[1,0.800000059838,0,1],"ix":4},"o":{"a":0,"k":100,"ix":5},"r":1,"bm":0,"nm":"Fill 1","mn":"ADBE Vector Graphic - Fill","hd":false},{"ty":"tr","p":{"a":0,"k":[635.544,590.937],"ix":2},"a":{"a":0,"k":[0,0],"ix":1},"s":{"a":0,"k":[100,100],"ix":3},"r":{"a":0,"k":0,"ix":6},"o":{"a":0,"k":100,"ix":7},"sk":{"a":0,"k":0,"ix":4},"sa":{"a":0,"k":0,"ix":5},"nm":"Transform"}],"nm":"Group 1","np":2,"cix":2,"bm":0,"ix":1,"mn":"ADBE Vector Group","hd":false}],"ip":50.0000020365418,"op":52.0000021180034,"st":0,"bm":0},{"ddd":0,"ind":8,"ty":4,"nm":"Layer 1/flash Outlines","parent":13,"sr":1,"ks":{"o":{"a":0,"k":50,"ix":11},"r":{"a":0,"k":0,"ix":10},"p":{"a":0,"k":[692.74,1053.257,0],"ix":2},"a":{"a":0,"k":[653.5,653.5,0],"ix":1},"s":{"a":0,"k":[64.615,64.615,100],"ix":6}},"ao":0,"shapes":[{"ty":"gr","it":[{"ind":0,"ty":"sh","ix":1,"ks":{"a":0,"k":{"i":[[0,0],[0,0],[0,0],[0,0],[0,0],[0,0]],"o":[[0,0],[0,0],[0,0],[0,0],[0,0],[0,0]],"v":[[51.551,-375.434],[-196.308,51.55],[-51.55,51.55],[-51.55,375.434],[196.309,-51.551],[51.551,-51.551]],"c":true},"ix":2},"nm":"Path 1","mn":"ADBE Vector Shape - Group","hd":false},{"ty":"fl","c":{"a":0,"k":[1,0.800000059838,0,1],"ix":4},"o":{"a":0,"k":100,"ix":5},"r":1,"bm":0,"nm":"Fill 1","mn":"ADBE Vector Graphic - Fill","hd":false},{"ty":"tr","p":{"a":0,"k":[635.544,590.937],"ix":2},"a":{"a":0,"k":[0,0],"ix":1},"s":{"a":0,"k":[100,100],"ix":3},"r":{"a":0,"k":0,"ix":6},"o":{"a":0,"k":100,"ix":7},"sk":{"a":0,"k":0,"ix":4},"sa":{"a":0,"k":0,"ix":5},"nm":"Transform"}],"nm":"Group 1","np":2,"cix":2,"bm":0,"ix":1,"mn":"ADBE Vector Group","hd":false}],"ip":43.0000017514259,"op":46.0000018736184,"st":0,"bm":0},{"ddd":0,"ind":9,"ty":4,"nm":"cloud2 Outlines 5","sr":1,"ks":{"o":{"a":0,"k":100,"ix":11},"r":{"a":0,"k":0,"ix":10},"p":{"a":1,"k":[{"i":{"x":0.667,"y":1},"o":{"x":0.621,"y":0},"t":0,"s":[959.9999999999987,1070.9999999999986,0],"to":[65.167,-12.833,0],"ti":[0,12.833,0]},{"i":{"x":0.359,"y":1},"o":{"x":0.333,"y":0},"t":30,"s":[1350.9999999999982,993.9999999999985,0],"to":[0,-12.833,0],"ti":[129.333,0,0]},{"i":{"x":0.667,"y":1},"o":{"x":0.333,"y":0},"t":60,"s":[959.9999999999987,993.9999999999985,0],"to":[-129.333,0,0],"ti":[0,-12.333,0]},{"i":{"x":0.667,"y":1},"o":{"x":0.333,"y":0},"t":90,"s":[574.9999999999992,993.9999999999985,0],"to":[0,12.333,0],"ti":[-64.167,-12.333,0]},{"t":120.0000048877,"s":[959.9999999999987,1067.9999999999986,0]}],"ix":2},"a":{"a":0,"k":[653.5,596.5,0],"ix":1},"s":{"a":1,"k":[{"i":{"x":[0.833,0.833,0.833],"y":[0.833,0.833,0.833]},"o":{"x":[0.167,0.167,0.167],"y":[0.167,0.167,0.167]},"t":13,"s":[45.999999999999936,45.999999999999936,100]},{"i":{"x":[0.833,0.833,0.833],"y":[0.833,0.833,0.833]},"o":{"x":[0.167,0.167,0.167],"y":[0.167,0.167,0.167]},"t":40,"s":[64.99999999999991,64.99999999999991,100]},{"i":{"x":[0.833,0.833,0.833],"y":[0.833,0.833,0.833]},"o":{"x":[0.167,0.167,0.167],"y":[0.167,0.167,0.167]},"t":79,"s":[64.99999999999991,64.99999999999991,100]},{"t":107.000004358199,"s":[45.999999999999936,45.999999999999936,100]}],"ix":6}},"ao":0,"shapes":[{"ty":"gr","it":[{"ind":0,"ty":"sh","ix":1,"ks":{"a":0,"k":{"i":[[34.37,-93.356],[0,0],[0,0],[11.127,0],[0,-78.711],[-0.144,-2.121],[0,0],[0,0],[0,-53.28],[-69.354,0],[-22.269,17.24],[0,0],[0,0],[-80.869,0],[-38.234,24.2],[0,0],[0,0],[-50.931,0],[-30.886,63.729],[0,0],[0,0],[-3.088,0],[0,86.34],[65.851,20.453],[0,0],[0,0],[83.515,0],[16.851,-5.959],[0,0],[0,0],[76.622,0]],"o":[[0,0],[0,0],[-11.574,-2.863],[-78.708,0],[0,2.165],[0,0],[0,0],[-50.372,17.646],[0,69.346],[27.986,0],[0,0],[0,0],[44.241,68.063],[44.927,0],[0,0],[0,0],[35.038,37.386],[70.548,0],[0,0],[0,0],[3.034,0.217],[86.349,0],[0,-69.013],[0,0],[0,0],[-1.895,-83.56],[-17.391,0],[0,0],[0,0],[-44.755,-62.664],[-99.264,0]],"v":[[-236.581,-173.12],[-237.719,-170.003],[-240.936,-170.799],[-275.152,-175.105],[-417.886,-32.368],[-417.598,-25.94],[-417.273,-20.909],[-419.919,-19.979],[-504.138,98.609],[-378.37,224.369],[-301.556,198.016],[-298.377,195.561],[-296.193,198.93],[-96.382,307.621],[30.739,270.633],[33.34,268.997],[35.418,271.229],[168.725,329.203],[333.155,225.893],[335.899,223.764],[338.392,223.936],[347.53,224.369],[504.139,67.789],[394.036,-81.784],[391.508,-82.57],[391.436,-85.234],[236.544,-236.766],[184.944,-227.792],[182.326,-226.862],[180.701,-229.125],[-13.156,-329.203]],"c":true},"ix":2},"nm":"Path 2","mn":"ADBE Vector Shape - Group","hd":false},{"ty":"mm","mm":4,"nm":"Merge Paths 1","mn":"ADBE Vector Filter - Merge","hd":false},{"ty":"fl","c":{"a":0,"k":[0.3137254901960784,0.7686274509803922,0.9137254901960784,1],"ix":4},"o":{"a":0,"k":100,"ix":5},"r":1,"bm":0,"nm":"Fill 1","mn":"ADBE Vector Graphic - Fill","hd":false},{"ty":"tr","p":{"a":0,"k":[674.803,625.448],"ix":2},"a":{"a":0,"k":[0,0],"ix":1},"s":{"a":0,"k":[100,100],"ix":3},"r":{"a":0,"k":0,"ix":6},"o":{"a":0,"k":100,"ix":7},"sk":{"a":0,"k":0,"ix":4},"sa":{"a":0,"k":0,"ix":5},"nm":"Transform"}],"nm":"Group 1","np":3,"cix":2,"bm":0,"ix":1,"mn":"ADBE Vector Group","hd":false}],"ip":60.0000024438501,"op":63.0000025660426,"st":0,"bm":0},{"ddd":0,"ind":10,"ty":4,"nm":"cloud2 Outlines 4","sr":1,"ks":{"o":{"a":0,"k":100,"ix":11},"r":{"a":0,"k":0,"ix":10},"p":{"a":1,"k":[{"i":{"x":0.667,"y":1},"o":{"x":0.621,"y":0},"t":0,"s":[959.9999999999987,1070.9999999999986,0],"to":[65.167,-12.833,0],"ti":[0,12.833,0]},{"i":{"x":0.359,"y":1},"o":{"x":0.333,"y":0},"t":30,"s":[1350.9999999999982,993.9999999999985,0],"to":[0,-12.833,0],"ti":[129.333,0,0]},{"i":{"x":0.667,"y":1},"o":{"x":0.333,"y":0},"t":60,"s":[959.9999999999987,993.9999999999985,0],"to":[-129.333,0,0],"ti":[0,-12.333,0]},{"i":{"x":0.667,"y":1},"o":{"x":0.333,"y":0},"t":90,"s":[574.9999999999992,993.9999999999985,0],"to":[0,12.333,0],"ti":[-64.167,-12.333,0]},{"t":120.0000048877,"s":[959.9999999999987,1067.9999999999986,0]}],"ix":2},"a":{"a":0,"k":[653.5,596.5,0],"ix":1},"s":{"a":1,"k":[{"i":{"x":[0.833,0.833,0.833],"y":[0.833,0.833,0.833]},"o":{"x":[0.167,0.167,0.167],"y":[0.167,0.167,0.167]},"t":13,"s":[45.999999999999936,45.999999999999936,100]},{"i":{"x":[0.833,0.833,0.833],"y":[0.833,0.833,0.833]},"o":{"x":[0.167,0.167,0.167],"y":[0.167,0.167,0.167]},"t":40,"s":[64.99999999999991,64.99999999999991,100]},{"i":{"x":[0.833,0.833,0.833],"y":[0.833,0.833,0.833]},"o":{"x":[0.167,0.167,0.167],"y":[0.167,0.167,0.167]},"t":79,"s":[64.99999999999991,64.99999999999991,100]},{"t":107.000004358199,"s":[45.999999999999936,45.999999999999936,100]}],"ix":6}},"ao":0,"shapes":[{"ty":"gr","it":[{"ind":0,"ty":"sh","ix":1,"ks":{"a":0,"k":{"i":[[34.37,-93.356],[0,0],[0,0],[11.127,0],[0,-78.711],[-0.144,-2.121],[0,0],[0,0],[0,-53.28],[-69.354,0],[-22.269,17.24],[0,0],[0,0],[-80.869,0],[-38.234,24.2],[0,0],[0,0],[-50.931,0],[-30.886,63.729],[0,0],[0,0],[-3.088,0],[0,86.34],[65.851,20.453],[0,0],[0,0],[83.515,0],[16.851,-5.959],[0,0],[0,0],[76.622,0]],"o":[[0,0],[0,0],[-11.574,-2.863],[-78.708,0],[0,2.165],[0,0],[0,0],[-50.372,17.646],[0,69.346],[27.986,0],[0,0],[0,0],[44.241,68.063],[44.927,0],[0,0],[0,0],[35.038,37.386],[70.548,0],[0,0],[0,0],[3.034,0.217],[86.349,0],[0,-69.013],[0,0],[0,0],[-1.895,-83.56],[-17.391,0],[0,0],[0,0],[-44.755,-62.664],[-99.264,0]],"v":[[-236.581,-173.12],[-237.719,-170.003],[-240.936,-170.799],[-275.152,-175.105],[-417.886,-32.368],[-417.598,-25.94],[-417.273,-20.909],[-419.919,-19.979],[-504.138,98.609],[-378.37,224.369],[-301.556,198.016],[-298.377,195.561],[-296.193,198.93],[-96.382,307.621],[30.739,270.633],[33.34,268.997],[35.418,271.229],[168.725,329.203],[333.155,225.893],[335.899,223.764],[338.392,223.936],[347.53,224.369],[504.139,67.789],[394.036,-81.784],[391.508,-82.57],[391.436,-85.234],[236.544,-236.766],[184.944,-227.792],[182.326,-226.862],[180.701,-229.125],[-13.156,-329.203]],"c":true},"ix":2},"nm":"Path 2","mn":"ADBE Vector Shape - Group","hd":false},{"ty":"mm","mm":4,"nm":"Merge Paths 1","mn":"ADBE Vector Filter - Merge","hd":false},{"ty":"fl","c":{"a":0,"k":[0.3137254901960784,0.7686274509803922,0.9137254901960784,1],"ix":4},"o":{"a":0,"k":100,"ix":5},"r":1,"bm":0,"nm":"Fill 1","mn":"ADBE Vector Graphic - Fill","hd":false},{"ty":"tr","p":{"a":0,"k":[674.803,625.448],"ix":2},"a":{"a":0,"k":[0,0],"ix":1},"s":{"a":0,"k":[100,100],"ix":3},"r":{"a":0,"k":0,"ix":6},"o":{"a":0,"k":100,"ix":7},"sk":{"a":0,"k":0,"ix":4},"sa":{"a":0,"k":0,"ix":5},"nm":"Transform"}],"nm":"Group 1","np":3,"cix":2,"bm":0,"ix":1,"mn":"ADBE Vector Group","hd":false}],"ip":55.0000022401959,"op":57.0000023216576,"st":0,"bm":0},{"ddd":0,"ind":11,"ty":4,"nm":"cloud2 Outlines 3","sr":1,"ks":{"o":{"a":0,"k":100,"ix":11},"r":{"a":0,"k":0,"ix":10},"p":{"a":1,"k":[{"i":{"x":0.667,"y":1},"o":{"x":0.621,"y":0},"t":0,"s":[959.9999999999987,1070.9999999999986,0],"to":[65.167,-12.833,0],"ti":[0,12.833,0]},{"i":{"x":0.359,"y":1},"o":{"x":0.333,"y":0},"t":30,"s":[1350.9999999999982,993.9999999999985,0],"to":[0,-12.833,0],"ti":[129.333,0,0]},{"i":{"x":0.667,"y":1},"o":{"x":0.333,"y":0},"t":60,"s":[959.9999999999987,993.9999999999985,0],"to":[-129.333,0,0],"ti":[0,-12.333,0]},{"i":{"x":0.667,"y":1},"o":{"x":0.333,"y":0},"t":90,"s":[574.9999999999992,993.9999999999985,0],"to":[0,12.333,0],"ti":[-64.167,-12.333,0]},{"t":120.0000048877,"s":[959.9999999999987,1067.9999999999986,0]}],"ix":2},"a":{"a":0,"k":[653.5,596.5,0],"ix":1},"s":{"a":1,"k":[{"i":{"x":[0.833,0.833,0.833],"y":[0.833,0.833,0.833]},"o":{"x":[0.167,0.167,0.167],"y":[0.167,0.167,0.167]},"t":13,"s":[45.999999999999936,45.999999999999936,100]},{"i":{"x":[0.833,0.833,0.833],"y":[0.833,0.833,0.833]},"o":{"x":[0.167,0.167,0.167],"y":[0.167,0.167,0.167]},"t":40,"s":[64.99999999999991,64.99999999999991,100]},{"i":{"x":[0.833,0.833,0.833],"y":[0.833,0.833,0.833]},"o":{"x":[0.167,0.167,0.167],"y":[0.167,0.167,0.167]},"t":79,"s":[64.99999999999991,64.99999999999991,100]},{"t":107.000004358199,"s":[45.999999999999936,45.999999999999936,100]}],"ix":6}},"ao":0,"shapes":[{"ty":"gr","it":[{"ind":0,"ty":"sh","ix":1,"ks":{"a":0,"k":{"i":[[34.37,-93.356],[0,0],[0,0],[11.127,0],[0,-78.711],[-0.144,-2.121],[0,0],[0,0],[0,-53.28],[-69.354,0],[-22.269,17.24],[0,0],[0,0],[-80.869,0],[-38.234,24.2],[0,0],[0,0],[-50.931,0],[-30.886,63.729],[0,0],[0,0],[-3.088,0],[0,86.34],[65.851,20.453],[0,0],[0,0],[83.515,0],[16.851,-5.959],[0,0],[0,0],[76.622,0]],"o":[[0,0],[0,0],[-11.574,-2.863],[-78.708,0],[0,2.165],[0,0],[0,0],[-50.372,17.646],[0,69.346],[27.986,0],[0,0],[0,0],[44.241,68.063],[44.927,0],[0,0],[0,0],[35.038,37.386],[70.548,0],[0,0],[0,0],[3.034,0.217],[86.349,0],[0,-69.013],[0,0],[0,0],[-1.895,-83.56],[-17.391,0],[0,0],[0,0],[-44.755,-62.664],[-99.264,0]],"v":[[-236.581,-173.12],[-237.719,-170.003],[-240.936,-170.799],[-275.152,-175.105],[-417.886,-32.368],[-417.598,-25.94],[-417.273,-20.909],[-419.919,-19.979],[-504.138,98.609],[-378.37,224.369],[-301.556,198.016],[-298.377,195.561],[-296.193,198.93],[-96.382,307.621],[30.739,270.633],[33.34,268.997],[35.418,271.229],[168.725,329.203],[333.155,225.893],[335.899,223.764],[338.392,223.936],[347.53,224.369],[504.139,67.789],[394.036,-81.784],[391.508,-82.57],[391.436,-85.234],[236.544,-236.766],[184.944,-227.792],[182.326,-226.862],[180.701,-229.125],[-13.156,-329.203]],"c":true},"ix":2},"nm":"Path 2","mn":"ADBE Vector Shape - Group","hd":false},{"ty":"mm","mm":4,"nm":"Merge Paths 1","mn":"ADBE Vector Filter - Merge","hd":false},{"ty":"fl","c":{"a":0,"k":[0.3137254901960784,0.7686274509803922,0.9137254901960784,1],"ix":4},"o":{"a":0,"k":100,"ix":5},"r":1,"bm":0,"nm":"Fill 1","mn":"ADBE Vector Graphic - Fill","hd":false},{"ty":"tr","p":{"a":0,"k":[674.803,625.448],"ix":2},"a":{"a":0,"k":[0,0],"ix":1},"s":{"a":0,"k":[100,100],"ix":3},"r":{"a":0,"k":0,"ix":6},"o":{"a":0,"k":100,"ix":7},"sk":{"a":0,"k":0,"ix":4},"sa":{"a":0,"k":0,"ix":5},"nm":"Transform"}],"nm":"Group 1","np":3,"cix":2,"bm":0,"ix":1,"mn":"ADBE Vector Group","hd":false}],"ip":50.0000020365418,"op":52.0000021180034,"st":0,"bm":0},{"ddd":0,"ind":12,"ty":4,"nm":"cloud2 Outlines 2","sr":1,"ks":{"o":{"a":0,"k":100,"ix":11},"r":{"a":0,"k":0,"ix":10},"p":{"a":1,"k":[{"i":{"x":0.667,"y":1},"o":{"x":0.621,"y":0},"t":0,"s":[959.9999999999987,1070.9999999999986,0],"to":[65.167,-12.833,0],"ti":[0,12.833,0]},{"i":{"x":0.359,"y":1},"o":{"x":0.333,"y":0},"t":30,"s":[1350.9999999999982,993.9999999999985,0],"to":[0,-12.833,0],"ti":[129.333,0,0]},{"i":{"x":0.667,"y":1},"o":{"x":0.333,"y":0},"t":60,"s":[959.9999999999987,993.9999999999985,0],"to":[-129.333,0,0],"ti":[0,-12.333,0]},{"i":{"x":0.667,"y":1},"o":{"x":0.333,"y":0},"t":90,"s":[574.9999999999992,993.9999999999985,0],"to":[0,12.333,0],"ti":[-64.167,-12.333,0]},{"t":120.0000048877,"s":[959.9999999999987,1067.9999999999986,0]}],"ix":2},"a":{"a":0,"k":[653.5,596.5,0],"ix":1},"s":{"a":1,"k":[{"i":{"x":[0.833,0.833,0.833],"y":[0.833,0.833,0.833]},"o":{"x":[0.167,0.167,0.167],"y":[0.167,0.167,0.167]},"t":13,"s":[45.999999999999936,45.999999999999936,100]},{"i":{"x":[0.833,0.833,0.833],"y":[0.833,0.833,0.833]},"o":{"x":[0.167,0.167,0.167],"y":[0.167,0.167,0.167]},"t":40,"s":[64.99999999999991,64.99999999999991,100]},{"i":{"x":[0.833,0.833,0.833],"y":[0.833,0.833,0.833]},"o":{"x":[0.167,0.167,0.167],"y":[0.167,0.167,0.167]},"t":79,"s":[64.99999999999991,64.99999999999991,100]},{"t":107.000004358199,"s":[45.999999999999936,45.999999999999936,100]}],"ix":6}},"ao":0,"shapes":[{"ty":"gr","it":[{"ind":0,"ty":"sh","ix":1,"ks":{"a":0,"k":{"i":[[34.37,-93.356],[0,0],[0,0],[11.127,0],[0,-78.711],[-0.144,-2.121],[0,0],[0,0],[0,-53.28],[-69.354,0],[-22.269,17.24],[0,0],[0,0],[-80.869,0],[-38.234,24.2],[0,0],[0,0],[-50.931,0],[-30.886,63.729],[0,0],[0,0],[-3.088,0],[0,86.34],[65.851,20.453],[0,0],[0,0],[83.515,0],[16.851,-5.959],[0,0],[0,0],[76.622,0]],"o":[[0,0],[0,0],[-11.574,-2.863],[-78.708,0],[0,2.165],[0,0],[0,0],[-50.372,17.646],[0,69.346],[27.986,0],[0,0],[0,0],[44.241,68.063],[44.927,0],[0,0],[0,0],[35.038,37.386],[70.548,0],[0,0],[0,0],[3.034,0.217],[86.349,0],[0,-69.013],[0,0],[0,0],[-1.895,-83.56],[-17.391,0],[0,0],[0,0],[-44.755,-62.664],[-99.264,0]],"v":[[-236.581,-173.12],[-237.719,-170.003],[-240.936,-170.799],[-275.152,-175.105],[-417.886,-32.368],[-417.598,-25.94],[-417.273,-20.909],[-419.919,-19.979],[-504.138,98.609],[-378.37,224.369],[-301.556,198.016],[-298.377,195.561],[-296.193,198.93],[-96.382,307.621],[30.739,270.633],[33.34,268.997],[35.418,271.229],[168.725,329.203],[333.155,225.893],[335.899,223.764],[338.392,223.936],[347.53,224.369],[504.139,67.789],[394.036,-81.784],[391.508,-82.57],[391.436,-85.234],[236.544,-236.766],[184.944,-227.792],[182.326,-226.862],[180.701,-229.125],[-13.156,-329.203]],"c":true},"ix":2},"nm":"Path 2","mn":"ADBE Vector Shape - Group","hd":false},{"ty":"mm","mm":4,"nm":"Merge Paths 1","mn":"ADBE Vector Filter - Merge","hd":false},{"ty":"fl","c":{"a":0,"k":[0.3137254901960784,0.7686274509803922,0.9137254901960784,1],"ix":4},"o":{"a":0,"k":100,"ix":5},"r":1,"bm":0,"nm":"Fill 1","mn":"ADBE Vector Graphic - Fill","hd":false},{"ty":"tr","p":{"a":0,"k":[674.803,625.448],"ix":2},"a":{"a":0,"k":[0,0],"ix":1},"s":{"a":0,"k":[100,100],"ix":3},"r":{"a":0,"k":0,"ix":6},"o":{"a":0,"k":100,"ix":7},"sk":{"a":0,"k":0,"ix":4},"sa":{"a":0,"k":0,"ix":5},"nm":"Transform"}],"nm":"Group 1","np":3,"cix":2,"bm":0,"ix":1,"mn":"ADBE Vector Group","hd":false}],"ip":43.0000017514259,"op":46.0000018736184,"st":0,"bm":0},{"ddd":0,"ind":13,"ty":4,"nm":"cloud2 Outlines","sr":1,"ks":{"o":{"a":0,"k":100,"ix":11},"r":{"a":0,"k":0,"ix":10},"p":{"a":1,"k":[{"i":{"x":0.667,"y":1},"o":{"x":0.621,"y":0},"t":0,"s":[959.9999999999987,1070.9999999999986,0],"to":[65.167,-12.833,0],"ti":[0,12.833,0]},{"i":{"x":0.359,"y":1},"o":{"x":0.333,"y":0},"t":30,"s":[1350.9999999999982,993.9999999999985,0],"to":[0,-12.833,0],"ti":[129.333,0,0]},{"i":{"x":0.667,"y":1},"o":{"x":0.333,"y":0},"t":60,"s":[959.9999999999987,993.9999999999985,0],"to":[-129.333,0,0],"ti":[0,-12.333,0]},{"i":{"x":0.667,"y":1},"o":{"x":0.333,"y":0},"t":90,"s":[574.9999999999992,993.9999999999985,0],"to":[0,12.333,0],"ti":[-64.167,-12.333,0]},{"t":120.0000048877,"s":[959.9999999999987,1067.9999999999986,0]}],"ix":2},"a":{"a":0,"k":[653.5,596.5,0],"ix":1},"s":{"a":1,"k":[{"i":{"x":[0.833,0.833,0.833],"y":[0.833,0.833,0.833]},"o":{"x":[0.167,0.167,0.167],"y":[0.167,0.167,0.167]},"t":13,"s":[45.999999999999936,45.999999999999936,100]},{"i":{"x":[0.833,0.833,0.833],"y":[0.833,0.833,0.833]},"o":{"x":[0.167,0.167,0.167],"y":[0.167,0.167,0.167]},"t":40,"s":[64.99999999999991,64.99999999999991,100]},{"i":{"x":[0.833,0.833,0.833],"y":[0.833,0.833,0.833]},"o":{"x":[0.167,0.167,0.167],"y":[0.167,0.167,0.167]},"t":79,"s":[64.99999999999991,64.99999999999991,100]},{"t":107.000004358199,"s":[45.999999999999936,45.999999999999936,100]}],"ix":6}},"ao":0,"shapes":[{"ty":"gr","it":[{"ind":0,"ty":"sh","ix":1,"ks":{"a":0,"k":{"i":[[34.37,-93.356],[0,0],[0,0],[11.127,0],[0,-78.711],[-0.144,-2.121],[0,0],[0,0],[0,-53.28],[-69.354,0],[-22.269,17.24],[0,0],[0,0],[-80.869,0],[-38.234,24.2],[0,0],[0,0],[-50.931,0],[-30.886,63.729],[0,0],[0,0],[-3.088,0],[0,86.34],[65.851,20.453],[0,0],[0,0],[83.515,0],[16.851,-5.959],[0,0],[0,0],[76.622,0]],"o":[[0,0],[0,0],[-11.574,-2.863],[-78.708,0],[0,2.165],[0,0],[0,0],[-50.372,17.646],[0,69.346],[27.986,0],[0,0],[0,0],[44.241,68.063],[44.927,0],[0,0],[0,0],[35.038,37.386],[70.548,0],[0,0],[0,0],[3.034,0.217],[86.349,0],[0,-69.013],[0,0],[0,0],[-1.895,-83.56],[-17.391,0],[0,0],[0,0],[-44.755,-62.664],[-99.264,0]],"v":[[-236.581,-173.12],[-237.719,-170.003],[-240.936,-170.799],[-275.152,-175.105],[-417.886,-32.368],[-417.598,-25.94],[-417.273,-20.909],[-419.919,-19.979],[-504.138,98.609],[-378.37,224.369],[-301.556,198.016],[-298.377,195.561],[-296.193,198.93],[-96.382,307.621],[30.739,270.633],[33.34,268.997],[35.418,271.229],[168.725,329.203],[333.155,225.893],[335.899,223.764],[338.392,223.936],[347.53,224.369],[504.139,67.789],[394.036,-81.784],[391.508,-82.57],[391.436,-85.234],[236.544,-236.766],[184.944,-227.792],[182.326,-226.862],[180.701,-229.125],[-13.156,-329.203]],"c":true},"ix":2},"nm":"Path 2","mn":"ADBE Vector Shape - Group","hd":false},{"ty":"mm","mm":4,"nm":"Merge Paths 1","mn":"ADBE Vector Filter - Merge","hd":false},{"ty":"fl","c":{"a":0,"k":[0.16862745098039217,0.7098039215686275,0.8627450980392157,1],"ix":4},"o":{"a":0,"k":100,"ix":5},"r":1,"bm":0,"nm":"Fill 1","mn":"ADBE Vector Graphic - Fill","hd":false},{"ty":"tr","p":{"a":0,"k":[674.803,625.448],"ix":2},"a":{"a":0,"k":[0,0],"ix":1},"s":{"a":0,"k":[100,100],"ix":3},"r":{"a":0,"k":0,"ix":6},"o":{"a":0,"k":100,"ix":7},"sk":{"a":0,"k":0,"ix":4},"sa":{"a":0,"k":0,"ix":5},"nm":"Transform"}],"nm":"Group 1","np":3,"cix":2,"bm":0,"ix":1,"mn":"ADBE Vector Group","hd":false}],"ip":0,"op":120.0000048877,"st":0,"bm":0},{"ddd":0,"ind":14,"ty":4,"nm":"cloud1 Outlines 2","sr":1,"ks":{"o":{"a":0,"k":100,"ix":11},"r":{"a":0,"k":0,"ix":10},"p":{"a":1,"k":[{"i":{"x":0.667,"y":1},"o":{"x":0.621,"y":0},"t":0,"s":[959.9999999999987,1073.9999999999984,0],"to":[-65.5,0,0],"ti":[0,12.667,0]},{"i":{"x":0.359,"y":1},"o":{"x":0.333,"y":0},"t":30,"s":[566.9999999999992,1073.9999999999984,0],"to":[0,-12.667,0],"ti":[-127.333,0,0]},{"i":{"x":0.667,"y":1},"o":{"x":0.333,"y":0},"t":60,"s":[959.9999999999987,997.9999999999987,0],"to":[127.333,0,0],"ti":[0,-12.667,0]},{"i":{"x":0.667,"y":1},"o":{"x":0.333,"y":0},"t":90,"s":[1330.9999999999982,1073.9999999999984,0],"to":[0,12.667,0],"ti":[61.833,0,0]},{"t":120.0000048877,"s":[959.9999999999987,1073.9999999999984,0]}],"ix":2},"a":{"a":0,"k":[653.5,653.5,0],"ix":1},"s":{"a":1,"k":[{"i":{"x":[0.833,0.833,0.833],"y":[0.833,0.833,0.833]},"o":{"x":[0.167,0.167,0.167],"y":[0.167,0.167,0.167]},"t":13,"s":[66.99999999999991,66.99999999999991,100]},{"i":{"x":[0.833,0.833,0.833],"y":[0.833,0.833,0.833]},"o":{"x":[0.167,0.167,0.167],"y":[0.167,0.167,0.167]},"t":40,"s":[45.999999999999936,45.999999999999936,100]},{"i":{"x":[0.833,0.833,0.833],"y":[0.833,0.833,0.833]},"o":{"x":[0.167,0.167,0.167],"y":[0.167,0.167,0.167]},"t":79,"s":[45.999999999999936,45.999999999999936,100]},{"t":107.000004358199,"s":[66.99999999999991,66.99999999999991,100]}],"ix":6}},"ao":0,"shapes":[{"ty":"gr","it":[{"ind":0,"ty":"sh","ix":1,"ks":{"a":0,"k":{"i":[[0,0],[0,0],[0,86.242],[-91.882,0],[-17.991,-6.313],[0,0],[0,0],[-94.627,0],[-33.591,-23.967],[0,0],[0,0],[-63.994,0],[0,-108.507],[0.195,-2.771],[0,0],[0,0],[0,-69.688],[88.079,-5.014],[0,0],[0,0]],"o":[[0,0],[-85.748,-8.281],[0,-91.882],[18.539,0],[0,0],[0,0],[17.365,-92.96],[41.034,0],[0,0],[0,0],[36.883,-52.589],[108.507,0],[0,2.824],[0,0],[0,0],[65.635,23.889],[0,88.15],[0,0],[0,0],[0,0]],"v":[[-351.402,267.575],[-353.733,266.754],[-504.138,100.944],[-337.499,-65.695],[-282.438,-56.187],[-278.457,-54.783],[-277.679,-58.933],[-84.397,-219.365],[29.68,-182.73],[32.647,-180.611],[34.739,-183.594],[195.842,-267.575],[392.62,-70.797],[392.242,-62.421],[391.87,-56.425],[394.406,-55.507],[504.138,100.944],[347.059,267.089],[343.644,267.284],[343.644,267.575]],"c":true},"ix":2},"nm":"Path 1","mn":"ADBE Vector Shape - Group","hd":false},{"ty":"fl","c":{"a":0,"k":[0.3137254901960784,0.7686274509803922,0.9137254901960784,1],"ix":4},"o":{"a":0,"k":100,"ix":5},"r":1,"bm":0,"nm":"Fill 1","mn":"ADBE Vector Graphic - Fill","hd":false},{"ty":"tr","p":{"a":0,"k":[674.803,625.448],"ix":2},"a":{"a":0,"k":[0,0],"ix":1},"s":{"a":0,"k":[100,100],"ix":3},"r":{"a":0,"k":0,"ix":6},"o":{"a":0,"k":100,"ix":7},"sk":{"a":0,"k":0,"ix":4},"sa":{"a":0,"k":0,"ix":5},"nm":"Transform"}],"nm":"Group 1","np":2,"cix":2,"bm":0,"ix":1,"mn":"ADBE Vector Group","hd":false}],"ip":30.0000012219251,"op":90.0000036657752,"st":0,"bm":0},{"ddd":0,"ind":15,"ty":4,"nm":"Shape Layer 2","parent":4,"sr":1,"ks":{"o":{"a":0,"k":50,"ix":11},"r":{"a":0,"k":0,"ix":10},"p":{"a":1,"k":[{"i":{"x":0.667,"y":1},"o":{"x":0.749,"y":0},"t":0,"s":[349.022,459.471,0],"to":[0,-29.5,0],"ti":[0,-44.572,0]},{"i":{"x":0.319,"y":1},"o":{"x":0.333,"y":0},"t":30,"s":[349.022,282.471,0],"to":[0,44.572,0],"ti":[0,0,0]},{"i":{"x":0.667,"y":1},"o":{"x":0.668,"y":0},"t":60,"s":[349.022,726.903,0],"to":[0,0,0],"ti":[0,44.572,0]},{"i":{"x":0.667,"y":1},"o":{"x":0.333,"y":0},"t":90,"s":[349.022,282.471,0],"to":[0,-44.572,0],"ti":[0,-29.5,0]},{"t":120.0000048877,"s":[349.022,459.471,0]}],"ix":2},"a":{"a":0,"k":[-204,-16,0],"ix":1},"s":{"a":1,"k":[{"i":{"x":[0.667,0.667,0.667],"y":[1,1,1]},"o":{"x":[0.333,0.333,0.333],"y":[0,0,0]},"t":30,"s":[149.254,149.254,100]},{"i":{"x":[0.667,0.667,0.667],"y":[1,1,1]},"o":{"x":[0.333,0.333,0.333],"y":[0,0,0]},"t":60,"s":[122.254,122.254,100]},{"t":90.0000036657751,"s":[149.254,149.254,100]}],"ix":6}},"ao":0,"shapes":[{"ty":"gr","it":[{"d":1,"ty":"el","s":{"a":0,"k":[244,244],"ix":2},"p":{"a":0,"k":[0,0],"ix":3},"nm":"Ellipse Path 1","mn":"ADBE Vector Shape - Ellipse","hd":false},{"ty":"fl","c":{"a":0,"k":[1,0.847058883368,0,1],"ix":4},"o":{"a":0,"k":100,"ix":5},"r":1,"bm":0,"nm":"Fill 1","mn":"ADBE Vector Graphic - Fill","hd":false},{"ty":"tr","p":{"a":0,"k":[-204,-16],"ix":2},"a":{"a":0,"k":[0,0],"ix":1},"s":{"a":0,"k":[100,100],"ix":3},"r":{"a":0,"k":0,"ix":6},"o":{"a":0,"k":100,"ix":7},"sk":{"a":0,"k":0,"ix":4},"sa":{"a":0,"k":0,"ix":5},"nm":"Transform"}],"nm":"Ellipse 1","np":3,"cix":2,"bm":0,"ix":1,"mn":"ADBE Vector Group","hd":false}],"ip":30.0000012219251,"op":90.0000036657752,"st":0,"bm":0}],"markers":[]}