{"v":"5.5.9","fr":60,"ip":0,"op":148,"w":64,"h":64,"nm":"天气-暴雨","ddd":0,"assets":[],"layers":[{"ddd":0,"ind":1,"ty":4,"nm":"“云朵”轮廓","sr":1,"ks":{"o":{"a":0,"k":100,"ix":11},"r":{"a":0,"k":0,"ix":10},"p":{"a":0,"k":[32.08,21.04,0],"ix":2},"a":{"a":0,"k":[81.5,53.2,0],"ix":1},"s":{"a":0,"k":[32,32,100],"ix":6}},"ao":0,"shapes":[{"ty":"gr","it":[{"ind":0,"ty":"sh","ix":1,"ks":{"a":0,"k":{"i":[[0,20],[8,6.9],[0,1.1],[20.7,0],[0,-20.6],[-0.1,-0.4],[5.5,0],[0,-19.6],[-19.201,-0.6],[0,0],[0,0],[0,0]],"o":[[0,-11.3],[0.101,-1.1],[0,-20.6],[-20.701,0],[0,0.4],[-4.7,-2.3],[-19.8,-0.1],[0,19.3],[0,0],[0,0],[0,0],[19.8,-0.8]],"v":[[69.45,15.75],[56.349,-12.55],[56.55,-15.75],[19.05,-52.95],[-18.35,-15.65],[-18.25,-14.55],[-33.75,-18.15],[-69.45,17.35],[-34.95,52.85],[-34.95,52.95],[33.75,52.95],[33.75,52.85]],"c":true},"ix":2},"nm":"路径 1","mn":"ADBE Vector Shape - Group","hd":false},{"ty":"fl","c":{"a":0,"k":[0.3137254901960784,0.7686274509803922,0.9137254901960784,1],"ix":4},"o":{"a":0,"k":100,"ix":5},"r":1,"bm":0,"nm":"填充 1","mn":"ADBE Vector Graphic - Fill","hd":false},{"ty":"tr","p":{"a":0,"k":[69.7,53.2],"ix":2},"a":{"a":0,"k":[0,0],"ix":1},"s":{"a":0,"k":[100,100],"ix":3},"r":{"a":0,"k":0,"ix":6},"o":{"a":0,"k":100,"ix":7},"sk":{"a":0,"k":0,"ix":4},"sa":{"a":0,"k":0,"ix":5},"nm":"变换"}],"nm":"组 1","np":2,"cix":2,"bm":0,"ix":1,"mn":"ADBE Vector Group","hd":false},{"ty":"gr","it":[{"ind":0,"ty":"sh","ix":1,"ks":{"a":0,"k":{"i":[[0,19.5],[20.7,0],[0,-19.6],[0,0],[0,0]],"o":[[0,-19.6],[-20.7,0],[0,0],[0,0],[20.6,-0.2]],"v":[[37.5,0],[0,-35.5],[-37.5,0],[-37.5,35.5],[0.4,35.5]],"c":true},"ix":2},"nm":"路径 1","mn":"ADBE Vector Shape - Group","hd":false},{"ty":"fl","c":{"a":0,"k":[0.16862745098039217,0.7098039215686275,0.8627450980392157,1],"ix":4},"o":{"a":0,"k":100,"ix":5},"r":1,"bm":0,"nm":"填充 1","mn":"ADBE Vector Graphic - Fill","hd":false},{"ty":"tr","p":{"a":0,"k":[125.25,70.65],"ix":2},"a":{"a":0,"k":[0,0],"ix":1},"s":{"a":0,"k":[100,100],"ix":3},"r":{"a":0,"k":0,"ix":6},"o":{"a":0,"k":100,"ix":7},"sk":{"a":0,"k":0,"ix":4},"sa":{"a":0,"k":0,"ix":5},"nm":"变换"}],"nm":"组 2","np":2,"cix":2,"bm":0,"ix":2,"mn":"ADBE Vector Group","hd":false}],"ip":0,"op":150,"st":0,"bm":0},{"ddd":0,"ind":2,"ty":4,"nm":"“1”轮廓 12","sr":1,"ks":{"o":{"a":1,"k":[{"i":{"x":[0.833],"y":[0.833]},"o":{"x":[0.167],"y":[0.167]},"t":8,"s":[100]},{"t":37,"s":[0]}],"ix":11},"r":{"a":0,"k":0,"ix":10},"p":{"a":1,"k":[{"i":{"x":0.833,"y":0.833},"o":{"x":0.167,"y":0.167},"t":-49,"s":[22.08,31.535999999999998,0],"to":[-0.417,3.167,0],"ti":[2.708,-14.333,0]},{"i":{"x":0.833,"y":0.833},"o":{"x":0.167,"y":0.167},"t":-22,"s":[21.28,37.616,0],"to":[-2.708,14.333,0],"ti":[2.292,-11.167,0]},{"t":37,"s":[16.88,59.056000000000004,0]}],"ix":2},"a":{"a":0,"k":[17.65,19.6,0],"ix":1},"s":{"a":0,"k":[32,32,100],"ix":6}},"ao":0,"shapes":[{"ty":"gr","it":[{"ind":0,"ty":"sh","ix":1,"ks":{"a":0,"k":{"i":[[0.6,0],[0,0],[0,0],[-0.2,0.7],[0,0],[-0.7,-0.2],[0.2,-0.7],[0,0],[0,0],[0.2,-0.701]],"o":[[0,0],[0,0],[-0.7,-0.201],[0,0],[0.2,-0.699],[0.7,0.201],[0,0],[0,0],[0.7,0.2],[-0.1,0.5]],"v":[[15.85,-1.75],[15.55,-1.75],[8.35,-3.649],[7.45,-5.25],[9.35,-12.45],[10.95,-13.35],[11.85,-11.75],[10.25,-5.85],[16.15,-4.25],[17.05,-2.649]],"c":true},"ix":2},"nm":"路径 1","mn":"ADBE Vector Shape - Group","hd":false},{"ind":1,"ty":"sh","ix":2,"ks":{"a":0,"k":{"i":[[0.6,0],[0,0],[-0.2,0.7],[0,0],[0,0],[-0.2,0.699],[-0.7,-0.2],[0,0],[-0.2,-0.3],[0.1,-0.3],[0,0]],"o":[[0,0],[-0.7,-0.199],[0,0],[0,0],[-0.7,-0.2],[0.2,-0.701],[0,0],[0.3,0.099],[0.2,0.3],[0,0],[-0.3,0.6]],"v":[[-10.65,13.55],[-10.95,13.55],[-11.85,11.95],[-10.25,6.05],[-16.15,4.45],[-17.05,2.851],[-15.45,1.95],[-8.25,3.851],[-7.45,4.45],[-7.35,5.45],[-9.25,12.55]],"c":true},"ix":2},"nm":"路径 2","mn":"ADBE Vector Shape - Group","hd":false},{"ty":"mm","mm":1,"nm":"合并路径 1","mn":"ADBE Vector Filter - Merge","hd":false},{"ty":"fl","c":{"a":0,"k":[0.5372549019607843,0.8470588235294118,0.9333333333333333,1],"ix":4},"o":{"a":0,"k":100,"ix":5},"r":1,"bm":0,"nm":"填充 1","mn":"ADBE Vector Graphic - Fill","hd":false},{"ty":"tr","p":{"a":0,"k":[17.7,19.5],"ix":2},"a":{"a":0,"k":[0,0],"ix":1},"s":{"a":0,"k":[100,100],"ix":3},"r":{"a":0,"k":0,"ix":6},"o":{"a":0,"k":100,"ix":7},"sk":{"a":0,"k":0,"ix":4},"sa":{"a":0,"k":0,"ix":5},"nm":"变换"}],"nm":"组 1","np":4,"cix":2,"bm":0,"ix":1,"mn":"ADBE Vector Group","hd":false},{"ty":"gr","it":[{"ind":0,"ty":"sh","ix":1,"ks":{"a":0,"k":{"i":[[0.2,0],[0.2,0.5],[-0.6,0.399],[0,0],[-0.4,-0.599],[0.6,-0.399],[0,0]],"o":[[-0.5,0],[-0.4,-0.601],[0,0],[0.6,-0.399],[0.4,0.601],[0,0],[-0.3,0.2]],"v":[[-15.7,10.5],[-16.8,9.8],[-16.3,8],[15,-10.101],[16.8,-9.601],[16.3,-7.801],[-15,10.3]],"c":true},"ix":2},"nm":"路径 1","mn":"ADBE Vector Shape - Group","hd":false},{"ty":"fl","c":{"a":0,"k":[0.5372549019607843,0.8470588235294118,0.9333333333333333,1],"ix":4},"o":{"a":0,"k":100,"ix":5},"r":1,"bm":0,"nm":"填充 1","mn":"ADBE Vector Graphic - Fill","hd":false},{"ty":"tr","p":{"a":0,"k":[17.75,19.35],"ix":2},"a":{"a":0,"k":[0,0],"ix":1},"s":{"a":0,"k":[100,100],"ix":3},"r":{"a":0,"k":0,"ix":6},"o":{"a":0,"k":100,"ix":7},"sk":{"a":0,"k":0,"ix":4},"sa":{"a":0,"k":0,"ix":5},"nm":"变换"}],"nm":"组 2","np":2,"cix":2,"bm":0,"ix":2,"mn":"ADBE Vector Group","hd":false},{"ty":"gr","it":[{"ind":0,"ty":"sh","ix":1,"ks":{"a":0,"k":{"i":[[0.1,0],[0.2,0.601],[0,0],[-0.7,0.2],[0,0],[-0.2,-0.7],[0.7,-0.2],[0,0],[0,0],[0.7,-0.2]],"o":[[-0.6,0],[0,0],[-0.2,-0.7],[0,0],[0.7,-0.2],[0.2,0.7],[0,0],[0,0],[0.2,0.699],[-0.2,0.1]],"v":[[10.7,13.6],[9.4,12.6],[7.5,5.4],[8.4,3.799],[15.6,1.9],[17.2,2.799],[16.3,4.4],[10.4,5.999],[12,11.9],[11.1,13.499]],"c":true},"ix":2},"nm":"路径 1","mn":"ADBE Vector Shape - Group","hd":false},{"ind":1,"ty":"sh","ix":2,"ks":{"a":0,"k":{"i":[[0.2,0],[0.2,0.601],[-0.7,0.2],[0,0],[0,0],[-0.7,0.2],[-0.2,-0.7],[0,0],[0.1,-0.3],[0.3,-0.101],[0,0]],"o":[[-0.6,0],[-0.2,-0.7],[0,0],[0,0],[-0.2,-0.701],[0.7,-0.199],[0,0],[0.1,0.301],[-0.2,0.301],[0,0],[0.1,0.2]],"v":[[-15.9,-1.701],[-17.2,-2.701],[-16.3,-4.299],[-10.4,-5.9],[-12,-11.799],[-11.1,-13.4],[-9.5,-12.501],[-7.6,-5.4],[-7.7,-4.4],[-8.5,-3.799],[-15.7,-1.9]],"c":true},"ix":2},"nm":"路径 2","mn":"ADBE Vector Shape - Group","hd":false},{"ty":"mm","mm":1,"nm":"合并路径 1","mn":"ADBE Vector Filter - Merge","hd":false},{"ty":"fl","c":{"a":0,"k":[0.5372549019607843,0.8470588235294118,0.9333333333333333,1],"ix":4},"o":{"a":0,"k":100,"ix":5},"r":1,"bm":0,"nm":"填充 1","mn":"ADBE Vector Graphic - Fill","hd":false},{"ty":"tr","p":{"a":0,"k":[17.65,19.45],"ix":2},"a":{"a":0,"k":[0,0],"ix":1},"s":{"a":0,"k":[100,100],"ix":3},"r":{"a":0,"k":0,"ix":6},"o":{"a":0,"k":100,"ix":7},"sk":{"a":0,"k":0,"ix":4},"sa":{"a":0,"k":0,"ix":5},"nm":"变换"}],"nm":"组 3","np":4,"cix":2,"bm":0,"ix":3,"mn":"ADBE Vector Group","hd":false},{"ty":"gr","it":[{"ind":0,"ty":"sh","ix":1,"ks":{"a":0,"k":{"i":[[0.4,0],[0.3,0.099],[0,0],[-0.3,0.601],[-0.6,-0.299],[0,0],[0.3,-0.599]],"o":[[-0.2,0],[0,0],[-0.6,-0.399],[0.4,-0.599],[0,0],[0.6,0.4],[-0.2,0.401]],"v":[[15.7,10.45],[15,10.25],[-16.3,-7.851],[-16.8,-9.651],[-15,-10.151],[16.3,8.05],[16.8,9.849]],"c":true},"ix":2},"nm":"路径 1","mn":"ADBE Vector Shape - Group","hd":false},{"ty":"fl","c":{"a":0,"k":[0.5372549019607843,0.8470588235294118,0.9333333333333333,1],"ix":4},"o":{"a":0,"k":100,"ix":5},"r":1,"bm":0,"nm":"填充 1","mn":"ADBE Vector Graphic - Fill","hd":false},{"ty":"tr","p":{"a":0,"k":[17.65,19.4],"ix":2},"a":{"a":0,"k":[0,0],"ix":1},"s":{"a":0,"k":[100,100],"ix":3},"r":{"a":0,"k":0,"ix":6},"o":{"a":0,"k":100,"ix":7},"sk":{"a":0,"k":0,"ix":4},"sa":{"a":0,"k":0,"ix":5},"nm":"变换"}],"nm":"组 4","np":2,"cix":2,"bm":0,"ix":4,"mn":"ADBE Vector Group","hd":false},{"ty":"gr","it":[{"ind":0,"ty":"sh","ix":1,"ks":{"a":0,"k":{"i":[[0.3,0],[0.2,0.299],[-0.5,0.5],[0,0],[-0.3,0],[-0.2,-0.3],[0,0],[0.5,-0.5],[0.5,0.5],[0,0],[0,0]],"o":[[-0.3,0],[-0.5,-0.5],[0,0],[0.2,-0.201],[0.3,0],[0,0],[0.5,0.5],[-0.5,0.5],[0,0],[0,0],[-0.3,0.299]],"v":[[-5.2,16.6],[-6.1,16.2],[-6.1,14.4],[-0.9,9.2],[0,8.8],[0.9,9.2],[6.1,14.4],[6.1,16.2],[4.3,16.2],[0,11.9],[-4.3,16.2]],"c":true},"ix":2},"nm":"路径 1","mn":"ADBE Vector Shape - Group","hd":false},{"ind":1,"ty":"sh","ix":2,"ks":{"a":0,"k":{"i":[[0.4,0],[0.2,0.3],[0,0],[-0.5,0.5],[-0.5,-0.5],[0,0],[0,0],[-0.5,-0.5],[0.5,-0.5],[0,0]],"o":[[-0.3,0],[0,0],[-0.5,-0.5],[0.5,-0.5],[0,0],[0,0],[0.5,-0.5],[0.5,0.5],[0,0],[-0.2,0.3]],"v":[[0,-8.8],[-0.9,-9.2],[-6.1,-14.4],[-6.1,-16.2],[-4.3,-16.2],[0,-11.9],[4.3,-16.2],[6.1,-16.2],[6.1,-14.4],[0.9,-9.2]],"c":true},"ix":2},"nm":"路径 2","mn":"ADBE Vector Shape - Group","hd":false},{"ty":"mm","mm":1,"nm":"合并路径 1","mn":"ADBE Vector Filter - Merge","hd":false},{"ty":"fl","c":{"a":0,"k":[0.5372549019607843,0.8470588235294118,0.9333333333333333,1],"ix":4},"o":{"a":0,"k":100,"ix":5},"r":1,"bm":0,"nm":"填充 1","mn":"ADBE Vector Graphic - Fill","hd":false},{"ty":"tr","p":{"a":0,"k":[17.65,19.55],"ix":2},"a":{"a":0,"k":[0,0],"ix":1},"s":{"a":0,"k":[100,100],"ix":3},"r":{"a":0,"k":0,"ix":6},"o":{"a":0,"k":100,"ix":7},"sk":{"a":0,"k":0,"ix":4},"sa":{"a":0,"k":0,"ix":5},"nm":"变换"}],"nm":"组 5","np":4,"cix":2,"bm":0,"ix":5,"mn":"ADBE Vector Group","hd":false},{"ty":"gr","it":[{"ind":0,"ty":"sh","ix":1,"ks":{"a":0,"k":{"i":[[0.7,0],[0,0.7],[0,0],[-0.7,0],[0,-0.7],[0,0]],"o":[[-0.7,0],[0,0],[0,-0.7],[0.7,0],[0,0],[0,0.7]],"v":[[0,19.35],[-1.3,18.05],[-1.3,-18.05],[0,-19.35],[1.3,-18.05],[1.3,18.05]],"c":true},"ix":2},"nm":"路径 1","mn":"ADBE Vector Shape - Group","hd":false},{"ty":"fl","c":{"a":0,"k":[0.5372549019607843,0.8470588235294118,0.9333333333333333,1],"ix":4},"o":{"a":0,"k":100,"ix":5},"r":1,"bm":0,"nm":"填充 1","mn":"ADBE Vector Graphic - Fill","hd":false},{"ty":"tr","p":{"a":0,"k":[17.65,19.6],"ix":2},"a":{"a":0,"k":[0,0],"ix":1},"s":{"a":0,"k":[100,100],"ix":3},"r":{"a":0,"k":0,"ix":6},"o":{"a":0,"k":100,"ix":7},"sk":{"a":0,"k":0,"ix":4},"sa":{"a":0,"k":0,"ix":5},"nm":"变换"}],"nm":"组 6","np":2,"cix":2,"bm":0,"ix":6,"mn":"ADBE Vector Group","hd":false}],"ip":-49,"op":101,"st":-49,"bm":0},{"ddd":0,"ind":3,"ty":4,"nm":"“3”轮廓 10","sr":1,"ks":{"o":{"a":1,"k":[{"i":{"x":[0.833],"y":[0.833]},"o":{"x":[0.167],"y":[0.167]},"t":-7,"s":[100]},{"t":23,"s":[0]}],"ix":11},"r":{"a":0,"k":0,"ix":10},"p":{"a":1,"k":[{"i":{"x":0.833,"y":0.833},"o":{"x":0.167,"y":0.167},"t":-49,"s":[44.8,30.928,0],"to":[-0.417,3.167,0],"ti":[2.167,-12.833,0]},{"i":{"x":0.833,"y":0.833},"o":{"x":0.167,"y":0.167},"t":-36,"s":[44,37.008,0],"to":[-2.167,12.833,0],"ti":[1.75,-9.667,0]},{"t":24,"s":[40.64,55.568000000000005,0]}],"ix":2},"a":{"a":0,"k":[15.05,16.65,0],"ix":1},"s":{"a":0,"k":[32,32,100],"ix":6}},"ao":0,"shapes":[{"ty":"gr","it":[{"ind":0,"ty":"sh","ix":1,"ks":{"a":0,"k":{"i":[[0.5,0],[0,0],[0,0],[0.201,0.201],[-0.101,0.199],[0,0],[-0.601,-0.2],[0.099,-0.601],[0,0],[0,0],[0.099,-0.6]],"o":[[0,0],[0,0],[-0.3,-0.1],[-0.099,-0.299],[0,0],[0.201,-0.6],[0.599,0.2],[0,0],[0,0],[0.599,0.201],[-0.101,0.4]],"v":[[13.45,-1.5],[13.15,-1.5],[7.051,-3.1],[6.35,-3.6],[6.251,-4.399],[7.85,-10.5],[9.251,-11.3],[10.051,-9.899],[8.751,-4.899],[13.751,-3.6],[14.551,-2.2]],"c":true},"ix":2},"nm":"路径 1","mn":"ADBE Vector Shape - Group","hd":false},{"ind":1,"ty":"sh","ix":2,"ks":{"a":0,"k":{"i":[[0.5,0],[0,0],[-0.1,0.599],[0,0],[0,0],[-0.1,0.6],[-0.599,-0.101],[0,0],[0.099,-0.601],[0,0]],"o":[[0,0],[-0.601,-0.2],[0,0],[0,0],[-0.601,-0.199],[0.101,-0.6],[0,0],[0.601,0.2],[0,0],[-0.2,0.5]],"v":[[-8.949,11.5],[-9.249,11.5],[-10.05,10.101],[-8.749,5.101],[-13.749,3.8],[-14.55,2.4],[-13.15,1.601],[-7.05,3.2],[-6.249,4.601],[-7.85,10.7]],"c":true},"ix":2},"nm":"路径 2","mn":"ADBE Vector Shape - Group","hd":false},{"ty":"mm","mm":1,"nm":"合并路径 1","mn":"ADBE Vector Filter - Merge","hd":false},{"ty":"fl","c":{"a":0,"k":[0.5372549019607843,0.8470588235294118,0.9333333333333333,1],"ix":4},"o":{"a":0,"k":100,"ix":5},"r":1,"bm":0,"nm":"填充 1","mn":"ADBE Vector Graphic - Fill","hd":false},{"ty":"tr","p":{"a":0,"k":[14.999,16.55],"ix":2},"a":{"a":0,"k":[0,0],"ix":1},"s":{"a":0,"k":[100,100],"ix":3},"r":{"a":0,"k":0,"ix":6},"o":{"a":0,"k":100,"ix":7},"sk":{"a":0,"k":0,"ix":4},"sa":{"a":0,"k":0,"ix":5},"nm":"变换"}],"nm":"组 1","np":4,"cix":2,"bm":0,"ix":1,"mn":"ADBE Vector Group","hd":false},{"ty":"gr","it":[{"ind":0,"ty":"sh","ix":1,"ks":{"a":0,"k":{"i":[[0.199,0],[0.199,0.401],[-0.5,0.3],[0,0],[-0.299,-0.5],[0.5,-0.3],[0,0]],"o":[[-0.4,0],[-0.301,-0.5],[0,0],[0.5,-0.3],[0.3,0.5],[0,0],[-0.101,0.199]],"v":[[-13.199,8.85],[-14.199,8.249],[-13.8,6.749],[12.7,-8.549],[14.2,-8.15],[13.801,-6.65],[-12.699,8.65]],"c":true},"ix":2},"nm":"路径 1","mn":"ADBE Vector Shape - Group","hd":false},{"ty":"fl","c":{"a":0,"k":[0.5372549019607843,0.8470588235294118,0.9333333333333333,1],"ix":4},"o":{"a":0,"k":100,"ix":5},"r":1,"bm":0,"nm":"填充 1","mn":"ADBE Vector Graphic - Fill","hd":false},{"ty":"tr","p":{"a":0,"k":[14.949,16.5],"ix":2},"a":{"a":0,"k":[0,0],"ix":1},"s":{"a":0,"k":[100,100],"ix":3},"r":{"a":0,"k":0,"ix":6},"o":{"a":0,"k":100,"ix":7},"sk":{"a":0,"k":0,"ix":4},"sa":{"a":0,"k":0,"ix":5},"nm":"变换"}],"nm":"组 2","np":2,"cix":2,"bm":0,"ix":2,"mn":"ADBE Vector Group","hd":false},{"ty":"gr","it":[{"ind":0,"ty":"sh","ix":1,"ks":{"a":0,"k":{"i":[[0,0],[0.201,0.5],[0,0],[-0.6,0.2],[0,0],[-0.201,-0.6],[0.599,-0.199],[0,0],[0,0],[0.599,-0.2]],"o":[[-0.5,0],[0,0],[-0.2,-0.601],[0,0],[0.6,-0.201],[0.2,0.6],[0,0],[0,0],[0.2,0.599],[0,0]],"v":[[9,11.5],[7.899,10.7],[6.3,4.601],[7.1,3.2],[13.2,1.601],[14.6,2.4],[13.8,3.8],[8.8,5.101],[10.1,10.101],[9.3,11.5]],"c":true},"ix":2},"nm":"路径 1","mn":"ADBE Vector Shape - Group","hd":false},{"ind":1,"ty":"sh","ix":2,"ks":{"a":0,"k":{"i":[[0.1,0],[0.201,0.5],[-0.6,0.201],[0,0],[0,0],[-0.6,0.2],[-0.201,-0.6],[0,0],[0.601,-0.2],[0,0]],"o":[[-0.5,0],[-0.199,-0.6],[0,0],[0,0],[-0.199,-0.601],[0.6,-0.2],[0,0],[0.199,0.599],[0,0],[-0.1,-0.101]],"v":[[-13.5,-1.399],[-14.601,-2.2],[-13.8,-3.6],[-8.8,-4.899],[-10.101,-9.899],[-9.3,-11.3],[-7.9,-10.5],[-6.3,-4.399],[-7.101,-3],[-13.2,-1.399]],"c":true},"ix":2},"nm":"路径 2","mn":"ADBE Vector Shape - Group","hd":false},{"ty":"mm","mm":1,"nm":"合并路径 1","mn":"ADBE Vector Filter - Merge","hd":false},{"ty":"fl","c":{"a":0,"k":[0.5372549019607843,0.8470588235294118,0.9333333333333333,1],"ix":4},"o":{"a":0,"k":100,"ix":5},"r":1,"bm":0,"nm":"填充 1","mn":"ADBE Vector Graphic - Fill","hd":false},{"ty":"tr","p":{"a":0,"k":[15.05,16.55],"ix":2},"a":{"a":0,"k":[0,0],"ix":1},"s":{"a":0,"k":[100,100],"ix":3},"r":{"a":0,"k":0,"ix":6},"o":{"a":0,"k":100,"ix":7},"sk":{"a":0,"k":0,"ix":4},"sa":{"a":0,"k":0,"ix":5},"nm":"变换"}],"nm":"组 3","np":4,"cix":2,"bm":0,"ix":3,"mn":"ADBE Vector Group","hd":false},{"ty":"gr","it":[{"ind":0,"ty":"sh","ix":1,"ks":{"a":0,"k":{"i":[[0.399,0],[0.201,0.1],[0,0],[-0.301,0.5],[-0.5,-0.3],[0,0],[0.3,-0.5]],"o":[[-0.2,0],[0,0],[-0.5,-0.3],[0.3,-0.5],[0,0],[0.5,0.301],[-0.099,0.301]],"v":[[13.301,8.8],[12.7,8.7],[-13.8,-6.599],[-14.199,-8.099],[-12.699,-8.5],[13.801,6.8],[14.2,8.3]],"c":true},"ix":2},"nm":"路径 1","mn":"ADBE Vector Shape - Group","hd":false},{"ty":"fl","c":{"a":0,"k":[0.5372549019607843,0.8470588235294118,0.9333333333333333,1],"ix":4},"o":{"a":0,"k":100,"ix":5},"r":1,"bm":0,"nm":"填充 1","mn":"ADBE Vector Graphic - Fill","hd":false},{"ty":"tr","p":{"a":0,"k":[14.949,16.55],"ix":2},"a":{"a":0,"k":[0,0],"ix":1},"s":{"a":0,"k":[100,100],"ix":3},"r":{"a":0,"k":0,"ix":6},"o":{"a":0,"k":100,"ix":7},"sk":{"a":0,"k":0,"ix":4},"sa":{"a":0,"k":0,"ix":5},"nm":"变换"}],"nm":"组 4","np":2,"cix":2,"bm":0,"ix":4,"mn":"ADBE Vector Group","hd":false},{"ty":"gr","it":[{"ind":0,"ty":"sh","ix":1,"ks":{"a":0,"k":{"i":[[0.301,0],[0.2,0.2],[0,0],[0,0],[0.5,0.4],[-0.399,0.5],[0,0],[-0.5,-0.4],[0,0],[0.399,-0.5]],"o":[[-0.3,0],[0,0],[0,0],[-0.401,0.4],[-0.399,-0.4],[0,0],[0.399,-0.4],[0,0],[0.399,0.4],[0,0.2]],"v":[[4.4,14.05],[3.6,13.75],[-0.1,10.05],[-3.799,13.75],[-5.4,13.75],[-5.4,12.15],[-0.999,7.75],[0.6,7.75],[5.001,12.15],[5.001,13.75]],"c":true},"ix":2},"nm":"路径 1","mn":"ADBE Vector Shape - Group","hd":false},{"ind":1,"ty":"sh","ix":2,"ks":{"a":0,"k":{"i":[[0.299,0],[0.199,0.2],[0,0],[-0.4,0.5],[-0.5,-0.4],[0,0],[0,0],[-0.5,-0.4],[0.4,-0.5],[0,0]],"o":[[-0.3,0],[0,0],[-0.4,-0.4],[0.401,-0.4],[0,0],[0,0],[0.401,-0.4],[0.4,0.4],[0,0],[-0.5,0.2]],"v":[[0.001,-7.45],[-0.799,-7.75],[-5.201,-12.15],[-5.201,-13.75],[-3.6,-13.75],[0.1,-10.05],[3.799,-13.75],[5.4,-13.75],[5.4,-12.15],[1.001,-7.75]],"c":true},"ix":2},"nm":"路径 2","mn":"ADBE Vector Shape - Group","hd":false},{"ty":"mm","mm":1,"nm":"合并路径 1","mn":"ADBE Vector Filter - Merge","hd":false},{"ty":"fl","c":{"a":0,"k":[0.5372549019607843,0.8470588235294118,0.9333333333333333,1],"ix":4},"o":{"a":0,"k":100,"ix":5},"r":1,"bm":0,"nm":"填充 1","mn":"ADBE Vector Graphic - Fill","hd":false},{"ty":"tr","p":{"a":0,"k":[15.05,16.7],"ix":2},"a":{"a":0,"k":[0,0],"ix":1},"s":{"a":0,"k":[100,100],"ix":3},"r":{"a":0,"k":0,"ix":6},"o":{"a":0,"k":100,"ix":7},"sk":{"a":0,"k":0,"ix":4},"sa":{"a":0,"k":0,"ix":5},"nm":"变换"}],"nm":"组 5","np":4,"cix":2,"bm":0,"ix":5,"mn":"ADBE Vector Group","hd":false},{"ty":"gr","it":[{"ind":0,"ty":"sh","ix":1,"ks":{"a":0,"k":{"i":[[0.6,0],[0,0.6],[0,0],[-0.601,0],[0,-0.6],[0,0]],"o":[[-0.601,0],[0,0],[0,-0.6],[0.6,0],[0,0],[0,0.6]],"v":[[0.001,16.4],[-1.101,15.3],[-1.101,-15.3],[0.001,-16.4],[1.101,-15.3],[1.101,15.3]],"c":true},"ix":2},"nm":"路径 1","mn":"ADBE Vector Shape - Group","hd":false},{"ty":"fl","c":{"a":0,"k":[0.5372549019607843,0.8470588235294118,0.9333333333333333,1],"ix":4},"o":{"a":0,"k":100,"ix":5},"r":1,"bm":0,"nm":"填充 1","mn":"ADBE Vector Graphic - Fill","hd":false},{"ty":"tr","p":{"a":0,"k":[15.049,16.65],"ix":2},"a":{"a":0,"k":[0,0],"ix":1},"s":{"a":0,"k":[100,100],"ix":3},"r":{"a":0,"k":0,"ix":6},"o":{"a":0,"k":100,"ix":7},"sk":{"a":0,"k":0,"ix":4},"sa":{"a":0,"k":0,"ix":5},"nm":"变换"}],"nm":"组 6","np":2,"cix":2,"bm":0,"ix":6,"mn":"ADBE Vector Group","hd":false}],"ip":-49,"op":101,"st":-49,"bm":0},{"ddd":0,"ind":4,"ty":4,"nm":"“2”轮廓 10","sr":1,"ks":{"o":{"a":1,"k":[{"i":{"x":[0.833],"y":[0.833]},"o":{"x":[0.167],"y":[0.167]},"t":-22,"s":[100]},{"t":3,"s":[0]}],"ix":11},"r":{"a":0,"k":0,"ix":10},"p":{"a":1,"k":[{"i":{"x":0.833,"y":0.833},"o":{"x":0.167,"y":0.167},"t":-49,"s":[32.672,36.464,0],"to":[-2.183,11.667,0],"ti":[2.183,-11.667,0]},{"t":3,"s":[28.48,58.864,0]}],"ix":2},"a":{"a":0,"k":[12.9,14.4,0],"ix":1},"s":{"a":0,"k":[32,32,100],"ix":6}},"ao":0,"shapes":[{"ty":"gr","it":[{"ind":0,"ty":"sh","ix":1,"ks":{"a":0,"k":{"i":[[0.5,0],[0,0],[0,0],[-0.1,0.5],[0,0],[-0.5,-0.1],[0.1,-0.5],[0,0],[0,0],[0.099,-0.5]],"o":[[0,0],[0,0],[-0.5,-0.101],[0,0],[0.1,-0.5],[0.5,0.101],[0,0],[0,0],[0.5,0.099],[-0.301,0.399]],"v":[[11.45,-1.251],[11.25,-1.251],[6.05,-2.65],[5.35,-3.85],[6.75,-9.05],[7.95,-9.751],[8.65,-8.55],[7.551,-4.251],[11.85,-3.15],[12.551,-1.949]],"c":true},"ix":2},"nm":"路径 1","mn":"ADBE Vector Shape - Group","hd":false},{"ind":1,"ty":"sh","ix":2,"ks":{"a":0,"k":{"i":[[0.4,0],[0,0],[-0.1,0.5],[0,0],[0,0],[-0.1,0.5],[-0.5,-0.101],[0,0],[0.1,-0.5],[0,0]],"o":[[0,0],[-0.5,-0.101],[0,0],[0,0],[-0.5,-0.1],[0.1,-0.5],[0,0],[0.5,0.101],[0,0],[-0.1,0.401]],"v":[[-7.75,9.85],[-7.95,9.85],[-8.65,8.65],[-7.55,4.35],[-11.85,3.249],[-12.55,2.051],[-11.35,1.351],[-6.15,2.749],[-5.45,3.95],[-6.85,9.15]],"c":true},"ix":2},"nm":"路径 2","mn":"ADBE Vector Shape - Group","hd":false},{"ty":"mm","mm":1,"nm":"合并路径 1","mn":"ADBE Vector Filter - Merge","hd":false},{"ty":"fl","c":{"a":0,"k":[0.5372549019607843,0.8470588235294118,0.9333333333333333,1],"ix":4},"o":{"a":0,"k":100,"ix":5},"r":1,"bm":0,"nm":"填充 1","mn":"ADBE Vector Graphic - Fill","hd":false},{"ty":"tr","p":{"a":0,"k":[12.9,14.4],"ix":2},"a":{"a":0,"k":[0,0],"ix":1},"s":{"a":0,"k":[100,100],"ix":3},"r":{"a":0,"k":0,"ix":6},"o":{"a":0,"k":100,"ix":7},"sk":{"a":0,"k":0,"ix":4},"sa":{"a":0,"k":0,"ix":5},"nm":"变换"}],"nm":"组 1","np":4,"cix":2,"bm":0,"ix":1,"mn":"ADBE Vector Group","hd":false},{"ty":"gr","it":[{"ind":0,"ty":"sh","ix":1,"ks":{"a":0,"k":{"i":[[0.2,0],[0.2,0.3],[-0.4,0.301],[0,0],[-0.3,-0.399],[0.4,-0.3],[0,0]],"o":[[-0.3,0],[-0.3,-0.5],[0,0],[0.5,-0.3],[0.3,0.5],[0,0],[-0.2,0.2]],"v":[[-11.4,7.6],[-12.2,7.1],[-11.9,5.799],[10.9,-7.3],[12.2,-7.001],[11.9,-5.701],[-10.9,7.4]],"c":true},"ix":2},"nm":"路径 1","mn":"ADBE Vector Shape - Group","hd":false},{"ty":"fl","c":{"a":0,"k":[0.5372549019607843,0.8470588235294118,0.9333333333333333,1],"ix":4},"o":{"a":0,"k":100,"ix":5},"r":1,"bm":0,"nm":"填充 1","mn":"ADBE Vector Graphic - Fill","hd":false},{"ty":"tr","p":{"a":0,"k":[12.85,14.35],"ix":2},"a":{"a":0,"k":[0,0],"ix":1},"s":{"a":0,"k":[100,100],"ix":3},"r":{"a":0,"k":0,"ix":6},"o":{"a":0,"k":100,"ix":7},"sk":{"a":0,"k":0,"ix":4},"sa":{"a":0,"k":0,"ix":5},"nm":"变换"}],"nm":"组 2","np":2,"cix":2,"bm":0,"ix":2,"mn":"ADBE Vector Group","hd":false},{"ty":"gr","it":[{"ind":0,"ty":"sh","ix":1,"ks":{"a":0,"k":{"i":[[0,0],[0.1,0.4],[0,0],[-0.5,0.201],[0,0],[-0.2,-0.5],[0.5,-0.199],[0,0],[0,0],[0.5,-0.2]],"o":[[-0.4,0],[0,0],[-0.1,-0.5],[0,0],[0.5,-0.101],[0.1,0.5],[0,0],[0,0],[0.1,0.5],[0,0]],"v":[[7.7,9.85],[6.8,9.15],[5.4,3.95],[6.1,2.749],[11.3,1.35],[12.5,2.05],[11.8,3.249],[7.5,4.35],[8.6,8.65],[7.9,9.85]],"c":true},"ix":2},"nm":"路径 1","mn":"ADBE Vector Shape - Group","hd":false},{"ind":1,"ty":"sh","ix":2,"ks":{"a":0,"k":{"i":[[0.1,0],[0.1,0.4],[-0.5,0.2],[0,0],[0,0],[-0.5,0.201],[-0.2,-0.5],[0,0],[0.1,-0.2],[0.3,0],[0,0]],"o":[[-0.4,0],[-0.1,-0.5],[0,0],[0,0],[-0.1,-0.5],[0.5,-0.099],[0,0],[0.1,0.2],[-0.1,0.2],[0,0],[-0.2,0.099]],"v":[[-11.6,-1.251],[-12.5,-1.95],[-11.8,-3.15],[-7.5,-4.251],[-8.6,-8.55],[-7.9,-9.751],[-6.7,-9.05],[-5.3,-3.85],[-5.4,-3.15],[-6,-2.751],[-11.2,-1.35]],"c":true},"ix":2},"nm":"路径 2","mn":"ADBE Vector Shape - Group","hd":false},{"ty":"mm","mm":1,"nm":"合并路径 1","mn":"ADBE Vector Filter - Merge","hd":false},{"ty":"fl","c":{"a":0,"k":[0.5372549019607843,0.8470588235294118,0.9333333333333333,1],"ix":4},"o":{"a":0,"k":100,"ix":5},"r":1,"bm":0,"nm":"填充 1","mn":"ADBE Vector Graphic - Fill","hd":false},{"ty":"tr","p":{"a":0,"k":[12.85,14.4],"ix":2},"a":{"a":0,"k":[0,0],"ix":1},"s":{"a":0,"k":[100,100],"ix":3},"r":{"a":0,"k":0,"ix":6},"o":{"a":0,"k":100,"ix":7},"sk":{"a":0,"k":0,"ix":4},"sa":{"a":0,"k":0,"ix":5},"nm":"变换"}],"nm":"组 3","np":4,"cix":2,"bm":0,"ix":3,"mn":"ADBE Vector Group","hd":false},{"ty":"gr","it":[{"ind":0,"ty":"sh","ix":1,"ks":{"a":0,"k":{"i":[[0.3,0],[0.2,0.101],[0,0],[-0.3,0.5],[-0.5,-0.3],[0,0],[0.3,-0.5]],"o":[[-0.2,0],[0,0],[-0.5,-0.3],[0.3,-0.5],[0,0],[0.5,0.3],[-0.2,0.299]],"v":[[11.4,7.551],[10.9,7.449],[-11.9,-5.65],[-12.2,-6.949],[-10.9,-7.251],[11.9,5.85],[12.2,7.15]],"c":true},"ix":2},"nm":"路径 1","mn":"ADBE Vector Shape - Group","hd":false},{"ty":"fl","c":{"a":0,"k":[0.5372549019607843,0.8470588235294118,0.9333333333333333,1],"ix":4},"o":{"a":0,"k":100,"ix":5},"r":1,"bm":0,"nm":"填充 1","mn":"ADBE Vector Graphic - Fill","hd":false},{"ty":"tr","p":{"a":0,"k":[12.85,14.4],"ix":2},"a":{"a":0,"k":[0,0],"ix":1},"s":{"a":0,"k":[100,100],"ix":3},"r":{"a":0,"k":0,"ix":6},"o":{"a":0,"k":100,"ix":7},"sk":{"a":0,"k":0,"ix":4},"sa":{"a":0,"k":0,"ix":5},"nm":"变换"}],"nm":"组 4","np":2,"cix":2,"bm":0,"ix":4,"mn":"ADBE Vector Group","hd":false},{"ty":"gr","it":[{"ind":0,"ty":"sh","ix":1,"ks":{"a":0,"k":{"i":[[0.2,0],[0.2,0.2],[0,0],[0,0],[0.3,0.4],[-0.4,0.3],[0,0],[-0.3,-0.4],[0,0],[0.4,-0.3]],"o":[[-0.2,0],[0,0],[0,0],[-0.4,0.4],[-0.4,-0.4],[0,0],[0.4,-0.4],[0,0],[0.4,0.4],[-0.2,0.2]],"v":[[3.8,12.1],[3.1,11.8],[0,8.7],[-3.1,11.8],[-4.4,11.8],[-4.4,10.5],[-0.6,6.7],[0.7,6.7],[4.5,10.5],[4.5,11.8]],"c":true},"ix":2},"nm":"路径 1","mn":"ADBE Vector Shape - Group","hd":false},{"ind":1,"ty":"sh","ix":2,"ks":{"a":0,"k":{"i":[[0.2,0],[0.2,0.2],[0,0],[-0.4,0.3],[-0.3,-0.4],[0,0],[0,0],[-0.3,-0.4],[0.4,-0.3],[0,0]],"o":[[-0.2,0],[0,0],[-0.4,-0.4],[0.4,-0.4],[0,0],[0,0],[0.4,-0.4],[0.4,0.4],[0,0],[0,0.2]],"v":[[0,-6.4],[-0.7,-6.7],[-4.5,-10.5],[-4.5,-11.8],[-3.2,-11.8],[-0.1,-8.7],[3,-11.8],[4.3,-11.8],[4.3,-10.5],[0.5,-6.7]],"c":true},"ix":2},"nm":"路径 2","mn":"ADBE Vector Shape - Group","hd":false},{"ty":"mm","mm":1,"nm":"合并路径 1","mn":"ADBE Vector Filter - Merge","hd":false},{"ty":"fl","c":{"a":0,"k":[0.5372549019607843,0.8470588235294118,0.9333333333333333,1],"ix":4},"o":{"a":0,"k":100,"ix":5},"r":1,"bm":0,"nm":"填充 1","mn":"ADBE Vector Graphic - Fill","hd":false},{"ty":"tr","p":{"a":0,"k":[12.85,14.45],"ix":2},"a":{"a":0,"k":[0,0],"ix":1},"s":{"a":0,"k":[100,100],"ix":3},"r":{"a":0,"k":0,"ix":6},"o":{"a":0,"k":100,"ix":7},"sk":{"a":0,"k":0,"ix":4},"sa":{"a":0,"k":0,"ix":5},"nm":"变换"}],"nm":"组 5","np":4,"cix":2,"bm":0,"ix":5,"mn":"ADBE Vector Group","hd":false},{"ty":"gr","it":[{"ind":0,"ty":"sh","ix":1,"ks":{"a":0,"k":{"i":[[0.5,0],[0,0.6],[0,0],[-0.6,0],[0,-0.6],[0,0]],"o":[[-0.5,0],[0,0],[0,-0.5],[0.6,0],[0,0],[-0.1,0.6]],"v":[[0,14.15],[-1,13.15],[-1,-13.15],[0,-14.15],[1,-13.15],[1,13.15]],"c":true},"ix":2},"nm":"路径 1","mn":"ADBE Vector Shape - Group","hd":false},{"ty":"fl","c":{"a":0,"k":[0.5372549019607843,0.8470588235294118,0.9333333333333333,1],"ix":4},"o":{"a":0,"k":100,"ix":5},"r":1,"bm":0,"nm":"填充 1","mn":"ADBE Vector Graphic - Fill","hd":false},{"ty":"tr","p":{"a":0,"k":[12.85,14.4],"ix":2},"a":{"a":0,"k":[0,0],"ix":1},"s":{"a":0,"k":[100,100],"ix":3},"r":{"a":0,"k":0,"ix":6},"o":{"a":0,"k":100,"ix":7},"sk":{"a":0,"k":0,"ix":4},"sa":{"a":0,"k":0,"ix":5},"nm":"变换"}],"nm":"组 6","np":2,"cix":2,"bm":0,"ix":6,"mn":"ADBE Vector Group","hd":false}],"ip":-49,"op":101,"st":-49,"bm":0},{"ddd":0,"ind":5,"ty":4,"nm":"“1”轮廓 10","sr":1,"ks":{"o":{"a":1,"k":[{"i":{"x":[0.833],"y":[0.833]},"o":{"x":[0.167],"y":[0.167]},"t":157,"s":[100]},{"t":186,"s":[0]}],"ix":11},"r":{"a":0,"k":0,"ix":10},"p":{"a":1,"k":[{"i":{"x":0.833,"y":0.833},"o":{"x":0.167,"y":0.167},"t":100,"s":[22.08,31.535999999999998,0],"to":[-0.417,3.167,0],"ti":[2.708,-14.333,0]},{"i":{"x":0.833,"y":0.833},"o":{"x":0.167,"y":0.167},"t":127,"s":[21.28,37.616,0],"to":[-2.708,14.333,0],"ti":[2.292,-11.167,0]},{"t":186,"s":[16.88,59.056000000000004,0]}],"ix":2},"a":{"a":0,"k":[17.65,19.6,0],"ix":1},"s":{"a":0,"k":[32,32,100],"ix":6}},"ao":0,"shapes":[{"ty":"gr","it":[{"ind":0,"ty":"sh","ix":1,"ks":{"a":0,"k":{"i":[[0.6,0],[0,0],[0,0],[-0.2,0.7],[0,0],[-0.7,-0.2],[0.2,-0.7],[0,0],[0,0],[0.2,-0.701]],"o":[[0,0],[0,0],[-0.7,-0.201],[0,0],[0.2,-0.699],[0.7,0.201],[0,0],[0,0],[0.7,0.2],[-0.1,0.5]],"v":[[15.85,-1.75],[15.55,-1.75],[8.35,-3.649],[7.45,-5.25],[9.35,-12.45],[10.95,-13.35],[11.85,-11.75],[10.25,-5.85],[16.15,-4.25],[17.05,-2.649]],"c":true},"ix":2},"nm":"路径 1","mn":"ADBE Vector Shape - Group","hd":false},{"ind":1,"ty":"sh","ix":2,"ks":{"a":0,"k":{"i":[[0.6,0],[0,0],[-0.2,0.7],[0,0],[0,0],[-0.2,0.699],[-0.7,-0.2],[0,0],[-0.2,-0.3],[0.1,-0.3],[0,0]],"o":[[0,0],[-0.7,-0.199],[0,0],[0,0],[-0.7,-0.2],[0.2,-0.701],[0,0],[0.3,0.099],[0.2,0.3],[0,0],[-0.3,0.6]],"v":[[-10.65,13.55],[-10.95,13.55],[-11.85,11.95],[-10.25,6.05],[-16.15,4.45],[-17.05,2.851],[-15.45,1.95],[-8.25,3.851],[-7.45,4.45],[-7.35,5.45],[-9.25,12.55]],"c":true},"ix":2},"nm":"路径 2","mn":"ADBE Vector Shape - Group","hd":false},{"ty":"mm","mm":1,"nm":"合并路径 1","mn":"ADBE Vector Filter - Merge","hd":false},{"ty":"fl","c":{"a":0,"k":[0.5372549019607843,0.8470588235294118,0.9333333333333333,1],"ix":4},"o":{"a":0,"k":100,"ix":5},"r":1,"bm":0,"nm":"填充 1","mn":"ADBE Vector Graphic - Fill","hd":false},{"ty":"tr","p":{"a":0,"k":[17.7,19.5],"ix":2},"a":{"a":0,"k":[0,0],"ix":1},"s":{"a":0,"k":[100,100],"ix":3},"r":{"a":0,"k":0,"ix":6},"o":{"a":0,"k":100,"ix":7},"sk":{"a":0,"k":0,"ix":4},"sa":{"a":0,"k":0,"ix":5},"nm":"变换"}],"nm":"组 1","np":4,"cix":2,"bm":0,"ix":1,"mn":"ADBE Vector Group","hd":false},{"ty":"gr","it":[{"ind":0,"ty":"sh","ix":1,"ks":{"a":0,"k":{"i":[[0.2,0],[0.2,0.5],[-0.6,0.399],[0,0],[-0.4,-0.599],[0.6,-0.399],[0,0]],"o":[[-0.5,0],[-0.4,-0.601],[0,0],[0.6,-0.399],[0.4,0.601],[0,0],[-0.3,0.2]],"v":[[-15.7,10.5],[-16.8,9.8],[-16.3,8],[15,-10.101],[16.8,-9.601],[16.3,-7.801],[-15,10.3]],"c":true},"ix":2},"nm":"路径 1","mn":"ADBE Vector Shape - Group","hd":false},{"ty":"fl","c":{"a":0,"k":[0.5372549019607843,0.8470588235294118,0.9333333333333333,1],"ix":4},"o":{"a":0,"k":100,"ix":5},"r":1,"bm":0,"nm":"填充 1","mn":"ADBE Vector Graphic - Fill","hd":false},{"ty":"tr","p":{"a":0,"k":[17.75,19.35],"ix":2},"a":{"a":0,"k":[0,0],"ix":1},"s":{"a":0,"k":[100,100],"ix":3},"r":{"a":0,"k":0,"ix":6},"o":{"a":0,"k":100,"ix":7},"sk":{"a":0,"k":0,"ix":4},"sa":{"a":0,"k":0,"ix":5},"nm":"变换"}],"nm":"组 2","np":2,"cix":2,"bm":0,"ix":2,"mn":"ADBE Vector Group","hd":false},{"ty":"gr","it":[{"ind":0,"ty":"sh","ix":1,"ks":{"a":0,"k":{"i":[[0.1,0],[0.2,0.601],[0,0],[-0.7,0.2],[0,0],[-0.2,-0.7],[0.7,-0.2],[0,0],[0,0],[0.7,-0.2]],"o":[[-0.6,0],[0,0],[-0.2,-0.7],[0,0],[0.7,-0.2],[0.2,0.7],[0,0],[0,0],[0.2,0.699],[-0.2,0.1]],"v":[[10.7,13.6],[9.4,12.6],[7.5,5.4],[8.4,3.799],[15.6,1.9],[17.2,2.799],[16.3,4.4],[10.4,5.999],[12,11.9],[11.1,13.499]],"c":true},"ix":2},"nm":"路径 1","mn":"ADBE Vector Shape - Group","hd":false},{"ind":1,"ty":"sh","ix":2,"ks":{"a":0,"k":{"i":[[0.2,0],[0.2,0.601],[-0.7,0.2],[0,0],[0,0],[-0.7,0.2],[-0.2,-0.7],[0,0],[0.1,-0.3],[0.3,-0.101],[0,0]],"o":[[-0.6,0],[-0.2,-0.7],[0,0],[0,0],[-0.2,-0.701],[0.7,-0.199],[0,0],[0.1,0.301],[-0.2,0.301],[0,0],[0.1,0.2]],"v":[[-15.9,-1.701],[-17.2,-2.701],[-16.3,-4.299],[-10.4,-5.9],[-12,-11.799],[-11.1,-13.4],[-9.5,-12.501],[-7.6,-5.4],[-7.7,-4.4],[-8.5,-3.799],[-15.7,-1.9]],"c":true},"ix":2},"nm":"路径 2","mn":"ADBE Vector Shape - Group","hd":false},{"ty":"mm","mm":1,"nm":"合并路径 1","mn":"ADBE Vector Filter - Merge","hd":false},{"ty":"fl","c":{"a":0,"k":[0.5372549019607843,0.8470588235294118,0.9333333333333333,1],"ix":4},"o":{"a":0,"k":100,"ix":5},"r":1,"bm":0,"nm":"填充 1","mn":"ADBE Vector Graphic - Fill","hd":false},{"ty":"tr","p":{"a":0,"k":[17.65,19.45],"ix":2},"a":{"a":0,"k":[0,0],"ix":1},"s":{"a":0,"k":[100,100],"ix":3},"r":{"a":0,"k":0,"ix":6},"o":{"a":0,"k":100,"ix":7},"sk":{"a":0,"k":0,"ix":4},"sa":{"a":0,"k":0,"ix":5},"nm":"变换"}],"nm":"组 3","np":4,"cix":2,"bm":0,"ix":3,"mn":"ADBE Vector Group","hd":false},{"ty":"gr","it":[{"ind":0,"ty":"sh","ix":1,"ks":{"a":0,"k":{"i":[[0.4,0],[0.3,0.099],[0,0],[-0.3,0.601],[-0.6,-0.299],[0,0],[0.3,-0.599]],"o":[[-0.2,0],[0,0],[-0.6,-0.399],[0.4,-0.599],[0,0],[0.6,0.4],[-0.2,0.401]],"v":[[15.7,10.45],[15,10.25],[-16.3,-7.851],[-16.8,-9.651],[-15,-10.151],[16.3,8.05],[16.8,9.849]],"c":true},"ix":2},"nm":"路径 1","mn":"ADBE Vector Shape - Group","hd":false},{"ty":"fl","c":{"a":0,"k":[0.5372549019607843,0.8470588235294118,0.9333333333333333,1],"ix":4},"o":{"a":0,"k":100,"ix":5},"r":1,"bm":0,"nm":"填充 1","mn":"ADBE Vector Graphic - Fill","hd":false},{"ty":"tr","p":{"a":0,"k":[17.65,19.4],"ix":2},"a":{"a":0,"k":[0,0],"ix":1},"s":{"a":0,"k":[100,100],"ix":3},"r":{"a":0,"k":0,"ix":6},"o":{"a":0,"k":100,"ix":7},"sk":{"a":0,"k":0,"ix":4},"sa":{"a":0,"k":0,"ix":5},"nm":"变换"}],"nm":"组 4","np":2,"cix":2,"bm":0,"ix":4,"mn":"ADBE Vector Group","hd":false},{"ty":"gr","it":[{"ind":0,"ty":"sh","ix":1,"ks":{"a":0,"k":{"i":[[0.3,0],[0.2,0.299],[-0.5,0.5],[0,0],[-0.3,0],[-0.2,-0.3],[0,0],[0.5,-0.5],[0.5,0.5],[0,0],[0,0]],"o":[[-0.3,0],[-0.5,-0.5],[0,0],[0.2,-0.201],[0.3,0],[0,0],[0.5,0.5],[-0.5,0.5],[0,0],[0,0],[-0.3,0.299]],"v":[[-5.2,16.6],[-6.1,16.2],[-6.1,14.4],[-0.9,9.2],[0,8.8],[0.9,9.2],[6.1,14.4],[6.1,16.2],[4.3,16.2],[0,11.9],[-4.3,16.2]],"c":true},"ix":2},"nm":"路径 1","mn":"ADBE Vector Shape - Group","hd":false},{"ind":1,"ty":"sh","ix":2,"ks":{"a":0,"k":{"i":[[0.4,0],[0.2,0.3],[0,0],[-0.5,0.5],[-0.5,-0.5],[0,0],[0,0],[-0.5,-0.5],[0.5,-0.5],[0,0]],"o":[[-0.3,0],[0,0],[-0.5,-0.5],[0.5,-0.5],[0,0],[0,0],[0.5,-0.5],[0.5,0.5],[0,0],[-0.2,0.3]],"v":[[0,-8.8],[-0.9,-9.2],[-6.1,-14.4],[-6.1,-16.2],[-4.3,-16.2],[0,-11.9],[4.3,-16.2],[6.1,-16.2],[6.1,-14.4],[0.9,-9.2]],"c":true},"ix":2},"nm":"路径 2","mn":"ADBE Vector Shape - Group","hd":false},{"ty":"mm","mm":1,"nm":"合并路径 1","mn":"ADBE Vector Filter - Merge","hd":false},{"ty":"fl","c":{"a":0,"k":[0.5372549019607843,0.8470588235294118,0.9333333333333333,1],"ix":4},"o":{"a":0,"k":100,"ix":5},"r":1,"bm":0,"nm":"填充 1","mn":"ADBE Vector Graphic - Fill","hd":false},{"ty":"tr","p":{"a":0,"k":[17.65,19.55],"ix":2},"a":{"a":0,"k":[0,0],"ix":1},"s":{"a":0,"k":[100,100],"ix":3},"r":{"a":0,"k":0,"ix":6},"o":{"a":0,"k":100,"ix":7},"sk":{"a":0,"k":0,"ix":4},"sa":{"a":0,"k":0,"ix":5},"nm":"变换"}],"nm":"组 5","np":4,"cix":2,"bm":0,"ix":5,"mn":"ADBE Vector Group","hd":false},{"ty":"gr","it":[{"ind":0,"ty":"sh","ix":1,"ks":{"a":0,"k":{"i":[[0.7,0],[0,0.7],[0,0],[-0.7,0],[0,-0.7],[0,0]],"o":[[-0.7,0],[0,0],[0,-0.7],[0.7,0],[0,0],[0,0.7]],"v":[[0,19.35],[-1.3,18.05],[-1.3,-18.05],[0,-19.35],[1.3,-18.05],[1.3,18.05]],"c":true},"ix":2},"nm":"路径 1","mn":"ADBE Vector Shape - Group","hd":false},{"ty":"fl","c":{"a":0,"k":[0.5372549019607843,0.8470588235294118,0.9333333333333333,1],"ix":4},"o":{"a":0,"k":100,"ix":5},"r":1,"bm":0,"nm":"填充 1","mn":"ADBE Vector Graphic - Fill","hd":false},{"ty":"tr","p":{"a":0,"k":[17.65,19.6],"ix":2},"a":{"a":0,"k":[0,0],"ix":1},"s":{"a":0,"k":[100,100],"ix":3},"r":{"a":0,"k":0,"ix":6},"o":{"a":0,"k":100,"ix":7},"sk":{"a":0,"k":0,"ix":4},"sa":{"a":0,"k":0,"ix":5},"nm":"变换"}],"nm":"组 6","np":2,"cix":2,"bm":0,"ix":6,"mn":"ADBE Vector Group","hd":false}],"ip":100,"op":250,"st":100,"bm":0},{"ddd":0,"ind":6,"ty":4,"nm":"“2”轮廓 9","sr":1,"ks":{"o":{"a":1,"k":[{"i":{"x":[0.833],"y":[0.833]},"o":{"x":[0.167],"y":[0.167]},"t":127,"s":[100]},{"t":152,"s":[0]}],"ix":11},"r":{"a":0,"k":0,"ix":10},"p":{"a":1,"k":[{"i":{"x":0.833,"y":0.833},"o":{"x":0.167,"y":0.167},"t":100,"s":[32.672,36.464,0],"to":[-2.183,11.667,0],"ti":[2.183,-11.667,0]},{"t":152,"s":[28.48,58.864,0]}],"ix":2},"a":{"a":0,"k":[12.9,14.4,0],"ix":1},"s":{"a":0,"k":[32,32,100],"ix":6}},"ao":0,"shapes":[{"ty":"gr","it":[{"ind":0,"ty":"sh","ix":1,"ks":{"a":0,"k":{"i":[[0.5,0],[0,0],[0,0],[-0.1,0.5],[0,0],[-0.5,-0.1],[0.1,-0.5],[0,0],[0,0],[0.099,-0.5]],"o":[[0,0],[0,0],[-0.5,-0.101],[0,0],[0.1,-0.5],[0.5,0.101],[0,0],[0,0],[0.5,0.099],[-0.301,0.399]],"v":[[11.45,-1.251],[11.25,-1.251],[6.05,-2.65],[5.35,-3.85],[6.75,-9.05],[7.95,-9.751],[8.65,-8.55],[7.551,-4.251],[11.85,-3.15],[12.551,-1.949]],"c":true},"ix":2},"nm":"路径 1","mn":"ADBE Vector Shape - Group","hd":false},{"ind":1,"ty":"sh","ix":2,"ks":{"a":0,"k":{"i":[[0.4,0],[0,0],[-0.1,0.5],[0,0],[0,0],[-0.1,0.5],[-0.5,-0.101],[0,0],[0.1,-0.5],[0,0]],"o":[[0,0],[-0.5,-0.101],[0,0],[0,0],[-0.5,-0.1],[0.1,-0.5],[0,0],[0.5,0.101],[0,0],[-0.1,0.401]],"v":[[-7.75,9.85],[-7.95,9.85],[-8.65,8.65],[-7.55,4.35],[-11.85,3.249],[-12.55,2.051],[-11.35,1.351],[-6.15,2.749],[-5.45,3.95],[-6.85,9.15]],"c":true},"ix":2},"nm":"路径 2","mn":"ADBE Vector Shape - Group","hd":false},{"ty":"mm","mm":1,"nm":"合并路径 1","mn":"ADBE Vector Filter - Merge","hd":false},{"ty":"fl","c":{"a":0,"k":[0.5372549019607843,0.8470588235294118,0.9333333333333333,1],"ix":4},"o":{"a":0,"k":100,"ix":5},"r":1,"bm":0,"nm":"填充 1","mn":"ADBE Vector Graphic - Fill","hd":false},{"ty":"tr","p":{"a":0,"k":[12.9,14.4],"ix":2},"a":{"a":0,"k":[0,0],"ix":1},"s":{"a":0,"k":[100,100],"ix":3},"r":{"a":0,"k":0,"ix":6},"o":{"a":0,"k":100,"ix":7},"sk":{"a":0,"k":0,"ix":4},"sa":{"a":0,"k":0,"ix":5},"nm":"变换"}],"nm":"组 1","np":4,"cix":2,"bm":0,"ix":1,"mn":"ADBE Vector Group","hd":false},{"ty":"gr","it":[{"ind":0,"ty":"sh","ix":1,"ks":{"a":0,"k":{"i":[[0.2,0],[0.2,0.3],[-0.4,0.301],[0,0],[-0.3,-0.399],[0.4,-0.3],[0,0]],"o":[[-0.3,0],[-0.3,-0.5],[0,0],[0.5,-0.3],[0.3,0.5],[0,0],[-0.2,0.2]],"v":[[-11.4,7.6],[-12.2,7.1],[-11.9,5.799],[10.9,-7.3],[12.2,-7.001],[11.9,-5.701],[-10.9,7.4]],"c":true},"ix":2},"nm":"路径 1","mn":"ADBE Vector Shape - Group","hd":false},{"ty":"fl","c":{"a":0,"k":[0.5372549019607843,0.8470588235294118,0.9333333333333333,1],"ix":4},"o":{"a":0,"k":100,"ix":5},"r":1,"bm":0,"nm":"填充 1","mn":"ADBE Vector Graphic - Fill","hd":false},{"ty":"tr","p":{"a":0,"k":[12.85,14.35],"ix":2},"a":{"a":0,"k":[0,0],"ix":1},"s":{"a":0,"k":[100,100],"ix":3},"r":{"a":0,"k":0,"ix":6},"o":{"a":0,"k":100,"ix":7},"sk":{"a":0,"k":0,"ix":4},"sa":{"a":0,"k":0,"ix":5},"nm":"变换"}],"nm":"组 2","np":2,"cix":2,"bm":0,"ix":2,"mn":"ADBE Vector Group","hd":false},{"ty":"gr","it":[{"ind":0,"ty":"sh","ix":1,"ks":{"a":0,"k":{"i":[[0,0],[0.1,0.4],[0,0],[-0.5,0.201],[0,0],[-0.2,-0.5],[0.5,-0.199],[0,0],[0,0],[0.5,-0.2]],"o":[[-0.4,0],[0,0],[-0.1,-0.5],[0,0],[0.5,-0.101],[0.1,0.5],[0,0],[0,0],[0.1,0.5],[0,0]],"v":[[7.7,9.85],[6.8,9.15],[5.4,3.95],[6.1,2.749],[11.3,1.35],[12.5,2.05],[11.8,3.249],[7.5,4.35],[8.6,8.65],[7.9,9.85]],"c":true},"ix":2},"nm":"路径 1","mn":"ADBE Vector Shape - Group","hd":false},{"ind":1,"ty":"sh","ix":2,"ks":{"a":0,"k":{"i":[[0.1,0],[0.1,0.4],[-0.5,0.2],[0,0],[0,0],[-0.5,0.201],[-0.2,-0.5],[0,0],[0.1,-0.2],[0.3,0],[0,0]],"o":[[-0.4,0],[-0.1,-0.5],[0,0],[0,0],[-0.1,-0.5],[0.5,-0.099],[0,0],[0.1,0.2],[-0.1,0.2],[0,0],[-0.2,0.099]],"v":[[-11.6,-1.251],[-12.5,-1.95],[-11.8,-3.15],[-7.5,-4.251],[-8.6,-8.55],[-7.9,-9.751],[-6.7,-9.05],[-5.3,-3.85],[-5.4,-3.15],[-6,-2.751],[-11.2,-1.35]],"c":true},"ix":2},"nm":"路径 2","mn":"ADBE Vector Shape - Group","hd":false},{"ty":"mm","mm":1,"nm":"合并路径 1","mn":"ADBE Vector Filter - Merge","hd":false},{"ty":"fl","c":{"a":0,"k":[0.5372549019607843,0.8470588235294118,0.9333333333333333,1],"ix":4},"o":{"a":0,"k":100,"ix":5},"r":1,"bm":0,"nm":"填充 1","mn":"ADBE Vector Graphic - Fill","hd":false},{"ty":"tr","p":{"a":0,"k":[12.85,14.4],"ix":2},"a":{"a":0,"k":[0,0],"ix":1},"s":{"a":0,"k":[100,100],"ix":3},"r":{"a":0,"k":0,"ix":6},"o":{"a":0,"k":100,"ix":7},"sk":{"a":0,"k":0,"ix":4},"sa":{"a":0,"k":0,"ix":5},"nm":"变换"}],"nm":"组 3","np":4,"cix":2,"bm":0,"ix":3,"mn":"ADBE Vector Group","hd":false},{"ty":"gr","it":[{"ind":0,"ty":"sh","ix":1,"ks":{"a":0,"k":{"i":[[0.3,0],[0.2,0.101],[0,0],[-0.3,0.5],[-0.5,-0.3],[0,0],[0.3,-0.5]],"o":[[-0.2,0],[0,0],[-0.5,-0.3],[0.3,-0.5],[0,0],[0.5,0.3],[-0.2,0.299]],"v":[[11.4,7.551],[10.9,7.449],[-11.9,-5.65],[-12.2,-6.949],[-10.9,-7.251],[11.9,5.85],[12.2,7.15]],"c":true},"ix":2},"nm":"路径 1","mn":"ADBE Vector Shape - Group","hd":false},{"ty":"fl","c":{"a":0,"k":[0.5372549019607843,0.8470588235294118,0.9333333333333333,1],"ix":4},"o":{"a":0,"k":100,"ix":5},"r":1,"bm":0,"nm":"填充 1","mn":"ADBE Vector Graphic - Fill","hd":false},{"ty":"tr","p":{"a":0,"k":[12.85,14.4],"ix":2},"a":{"a":0,"k":[0,0],"ix":1},"s":{"a":0,"k":[100,100],"ix":3},"r":{"a":0,"k":0,"ix":6},"o":{"a":0,"k":100,"ix":7},"sk":{"a":0,"k":0,"ix":4},"sa":{"a":0,"k":0,"ix":5},"nm":"变换"}],"nm":"组 4","np":2,"cix":2,"bm":0,"ix":4,"mn":"ADBE Vector Group","hd":false},{"ty":"gr","it":[{"ind":0,"ty":"sh","ix":1,"ks":{"a":0,"k":{"i":[[0.2,0],[0.2,0.2],[0,0],[0,0],[0.3,0.4],[-0.4,0.3],[0,0],[-0.3,-0.4],[0,0],[0.4,-0.3]],"o":[[-0.2,0],[0,0],[0,0],[-0.4,0.4],[-0.4,-0.4],[0,0],[0.4,-0.4],[0,0],[0.4,0.4],[-0.2,0.2]],"v":[[3.8,12.1],[3.1,11.8],[0,8.7],[-3.1,11.8],[-4.4,11.8],[-4.4,10.5],[-0.6,6.7],[0.7,6.7],[4.5,10.5],[4.5,11.8]],"c":true},"ix":2},"nm":"路径 1","mn":"ADBE Vector Shape - Group","hd":false},{"ind":1,"ty":"sh","ix":2,"ks":{"a":0,"k":{"i":[[0.2,0],[0.2,0.2],[0,0],[-0.4,0.3],[-0.3,-0.4],[0,0],[0,0],[-0.3,-0.4],[0.4,-0.3],[0,0]],"o":[[-0.2,0],[0,0],[-0.4,-0.4],[0.4,-0.4],[0,0],[0,0],[0.4,-0.4],[0.4,0.4],[0,0],[0,0.2]],"v":[[0,-6.4],[-0.7,-6.7],[-4.5,-10.5],[-4.5,-11.8],[-3.2,-11.8],[-0.1,-8.7],[3,-11.8],[4.3,-11.8],[4.3,-10.5],[0.5,-6.7]],"c":true},"ix":2},"nm":"路径 2","mn":"ADBE Vector Shape - Group","hd":false},{"ty":"mm","mm":1,"nm":"合并路径 1","mn":"ADBE Vector Filter - Merge","hd":false},{"ty":"fl","c":{"a":0,"k":[0.5372549019607843,0.8470588235294118,0.9333333333333333,1],"ix":4},"o":{"a":0,"k":100,"ix":5},"r":1,"bm":0,"nm":"填充 1","mn":"ADBE Vector Graphic - Fill","hd":false},{"ty":"tr","p":{"a":0,"k":[12.85,14.45],"ix":2},"a":{"a":0,"k":[0,0],"ix":1},"s":{"a":0,"k":[100,100],"ix":3},"r":{"a":0,"k":0,"ix":6},"o":{"a":0,"k":100,"ix":7},"sk":{"a":0,"k":0,"ix":4},"sa":{"a":0,"k":0,"ix":5},"nm":"变换"}],"nm":"组 5","np":4,"cix":2,"bm":0,"ix":5,"mn":"ADBE Vector Group","hd":false},{"ty":"gr","it":[{"ind":0,"ty":"sh","ix":1,"ks":{"a":0,"k":{"i":[[0.5,0],[0,0.6],[0,0],[-0.6,0],[0,-0.6],[0,0]],"o":[[-0.5,0],[0,0],[0,-0.5],[0.6,0],[0,0],[-0.1,0.6]],"v":[[0,14.15],[-1,13.15],[-1,-13.15],[0,-14.15],[1,-13.15],[1,13.15]],"c":true},"ix":2},"nm":"路径 1","mn":"ADBE Vector Shape - Group","hd":false},{"ty":"fl","c":{"a":0,"k":[0.5372549019607843,0.8470588235294118,0.9333333333333333,1],"ix":4},"o":{"a":0,"k":100,"ix":5},"r":1,"bm":0,"nm":"填充 1","mn":"ADBE Vector Graphic - Fill","hd":false},{"ty":"tr","p":{"a":0,"k":[12.85,14.4],"ix":2},"a":{"a":0,"k":[0,0],"ix":1},"s":{"a":0,"k":[100,100],"ix":3},"r":{"a":0,"k":0,"ix":6},"o":{"a":0,"k":100,"ix":7},"sk":{"a":0,"k":0,"ix":4},"sa":{"a":0,"k":0,"ix":5},"nm":"变换"}],"nm":"组 6","np":2,"cix":2,"bm":0,"ix":6,"mn":"ADBE Vector Group","hd":false}],"ip":100,"op":250,"st":100,"bm":0},{"ddd":0,"ind":7,"ty":4,"nm":"“3”轮廓 9","sr":1,"ks":{"o":{"a":1,"k":[{"i":{"x":[0.833],"y":[0.833]},"o":{"x":[0.167],"y":[0.167]},"t":142,"s":[100]},{"t":172,"s":[0]}],"ix":11},"r":{"a":0,"k":0,"ix":10},"p":{"a":1,"k":[{"i":{"x":0.833,"y":0.833},"o":{"x":0.167,"y":0.167},"t":100,"s":[44.8,30.928,0],"to":[-0.417,3.167,0],"ti":[2.167,-12.833,0]},{"i":{"x":0.833,"y":0.833},"o":{"x":0.167,"y":0.167},"t":113,"s":[44,37.008,0],"to":[-2.167,12.833,0],"ti":[1.75,-9.667,0]},{"t":173,"s":[40.64,55.568000000000005,0]}],"ix":2},"a":{"a":0,"k":[15.05,16.65,0],"ix":1},"s":{"a":0,"k":[32,32,100],"ix":6}},"ao":0,"shapes":[{"ty":"gr","it":[{"ind":0,"ty":"sh","ix":1,"ks":{"a":0,"k":{"i":[[0.5,0],[0,0],[0,0],[0.201,0.201],[-0.101,0.199],[0,0],[-0.601,-0.2],[0.099,-0.601],[0,0],[0,0],[0.099,-0.6]],"o":[[0,0],[0,0],[-0.3,-0.1],[-0.099,-0.299],[0,0],[0.201,-0.6],[0.599,0.2],[0,0],[0,0],[0.599,0.201],[-0.101,0.4]],"v":[[13.45,-1.5],[13.15,-1.5],[7.051,-3.1],[6.35,-3.6],[6.251,-4.399],[7.85,-10.5],[9.251,-11.3],[10.051,-9.899],[8.751,-4.899],[13.751,-3.6],[14.551,-2.2]],"c":true},"ix":2},"nm":"路径 1","mn":"ADBE Vector Shape - Group","hd":false},{"ind":1,"ty":"sh","ix":2,"ks":{"a":0,"k":{"i":[[0.5,0],[0,0],[-0.1,0.599],[0,0],[0,0],[-0.1,0.6],[-0.599,-0.101],[0,0],[0.099,-0.601],[0,0]],"o":[[0,0],[-0.601,-0.2],[0,0],[0,0],[-0.601,-0.199],[0.101,-0.6],[0,0],[0.601,0.2],[0,0],[-0.2,0.5]],"v":[[-8.949,11.5],[-9.249,11.5],[-10.05,10.101],[-8.749,5.101],[-13.749,3.8],[-14.55,2.4],[-13.15,1.601],[-7.05,3.2],[-6.249,4.601],[-7.85,10.7]],"c":true},"ix":2},"nm":"路径 2","mn":"ADBE Vector Shape - Group","hd":false},{"ty":"mm","mm":1,"nm":"合并路径 1","mn":"ADBE Vector Filter - Merge","hd":false},{"ty":"fl","c":{"a":0,"k":[0.5372549019607843,0.8470588235294118,0.9333333333333333,1],"ix":4},"o":{"a":0,"k":100,"ix":5},"r":1,"bm":0,"nm":"填充 1","mn":"ADBE Vector Graphic - Fill","hd":false},{"ty":"tr","p":{"a":0,"k":[14.999,16.55],"ix":2},"a":{"a":0,"k":[0,0],"ix":1},"s":{"a":0,"k":[100,100],"ix":3},"r":{"a":0,"k":0,"ix":6},"o":{"a":0,"k":100,"ix":7},"sk":{"a":0,"k":0,"ix":4},"sa":{"a":0,"k":0,"ix":5},"nm":"变换"}],"nm":"组 1","np":4,"cix":2,"bm":0,"ix":1,"mn":"ADBE Vector Group","hd":false},{"ty":"gr","it":[{"ind":0,"ty":"sh","ix":1,"ks":{"a":0,"k":{"i":[[0.199,0],[0.199,0.401],[-0.5,0.3],[0,0],[-0.299,-0.5],[0.5,-0.3],[0,0]],"o":[[-0.4,0],[-0.301,-0.5],[0,0],[0.5,-0.3],[0.3,0.5],[0,0],[-0.101,0.199]],"v":[[-13.199,8.85],[-14.199,8.249],[-13.8,6.749],[12.7,-8.549],[14.2,-8.15],[13.801,-6.65],[-12.699,8.65]],"c":true},"ix":2},"nm":"路径 1","mn":"ADBE Vector Shape - Group","hd":false},{"ty":"fl","c":{"a":0,"k":[0.5372549019607843,0.8470588235294118,0.9333333333333333,1],"ix":4},"o":{"a":0,"k":100,"ix":5},"r":1,"bm":0,"nm":"填充 1","mn":"ADBE Vector Graphic - Fill","hd":false},{"ty":"tr","p":{"a":0,"k":[14.949,16.5],"ix":2},"a":{"a":0,"k":[0,0],"ix":1},"s":{"a":0,"k":[100,100],"ix":3},"r":{"a":0,"k":0,"ix":6},"o":{"a":0,"k":100,"ix":7},"sk":{"a":0,"k":0,"ix":4},"sa":{"a":0,"k":0,"ix":5},"nm":"变换"}],"nm":"组 2","np":2,"cix":2,"bm":0,"ix":2,"mn":"ADBE Vector Group","hd":false},{"ty":"gr","it":[{"ind":0,"ty":"sh","ix":1,"ks":{"a":0,"k":{"i":[[0,0],[0.201,0.5],[0,0],[-0.6,0.2],[0,0],[-0.201,-0.6],[0.599,-0.199],[0,0],[0,0],[0.599,-0.2]],"o":[[-0.5,0],[0,0],[-0.2,-0.601],[0,0],[0.6,-0.201],[0.2,0.6],[0,0],[0,0],[0.2,0.599],[0,0]],"v":[[9,11.5],[7.899,10.7],[6.3,4.601],[7.1,3.2],[13.2,1.601],[14.6,2.4],[13.8,3.8],[8.8,5.101],[10.1,10.101],[9.3,11.5]],"c":true},"ix":2},"nm":"路径 1","mn":"ADBE Vector Shape - Group","hd":false},{"ind":1,"ty":"sh","ix":2,"ks":{"a":0,"k":{"i":[[0.1,0],[0.201,0.5],[-0.6,0.201],[0,0],[0,0],[-0.6,0.2],[-0.201,-0.6],[0,0],[0.601,-0.2],[0,0]],"o":[[-0.5,0],[-0.199,-0.6],[0,0],[0,0],[-0.199,-0.601],[0.6,-0.2],[0,0],[0.199,0.599],[0,0],[-0.1,-0.101]],"v":[[-13.5,-1.399],[-14.601,-2.2],[-13.8,-3.6],[-8.8,-4.899],[-10.101,-9.899],[-9.3,-11.3],[-7.9,-10.5],[-6.3,-4.399],[-7.101,-3],[-13.2,-1.399]],"c":true},"ix":2},"nm":"路径 2","mn":"ADBE Vector Shape - Group","hd":false},{"ty":"mm","mm":1,"nm":"合并路径 1","mn":"ADBE Vector Filter - Merge","hd":false},{"ty":"fl","c":{"a":0,"k":[0.5372549019607843,0.8470588235294118,0.9333333333333333,1],"ix":4},"o":{"a":0,"k":100,"ix":5},"r":1,"bm":0,"nm":"填充 1","mn":"ADBE Vector Graphic - Fill","hd":false},{"ty":"tr","p":{"a":0,"k":[15.05,16.55],"ix":2},"a":{"a":0,"k":[0,0],"ix":1},"s":{"a":0,"k":[100,100],"ix":3},"r":{"a":0,"k":0,"ix":6},"o":{"a":0,"k":100,"ix":7},"sk":{"a":0,"k":0,"ix":4},"sa":{"a":0,"k":0,"ix":5},"nm":"变换"}],"nm":"组 3","np":4,"cix":2,"bm":0,"ix":3,"mn":"ADBE Vector Group","hd":false},{"ty":"gr","it":[{"ind":0,"ty":"sh","ix":1,"ks":{"a":0,"k":{"i":[[0.399,0],[0.201,0.1],[0,0],[-0.301,0.5],[-0.5,-0.3],[0,0],[0.3,-0.5]],"o":[[-0.2,0],[0,0],[-0.5,-0.3],[0.3,-0.5],[0,0],[0.5,0.301],[-0.099,0.301]],"v":[[13.301,8.8],[12.7,8.7],[-13.8,-6.599],[-14.199,-8.099],[-12.699,-8.5],[13.801,6.8],[14.2,8.3]],"c":true},"ix":2},"nm":"路径 1","mn":"ADBE Vector Shape - Group","hd":false},{"ty":"fl","c":{"a":0,"k":[0.5372549019607843,0.8470588235294118,0.9333333333333333,1],"ix":4},"o":{"a":0,"k":100,"ix":5},"r":1,"bm":0,"nm":"填充 1","mn":"ADBE Vector Graphic - Fill","hd":false},{"ty":"tr","p":{"a":0,"k":[14.949,16.55],"ix":2},"a":{"a":0,"k":[0,0],"ix":1},"s":{"a":0,"k":[100,100],"ix":3},"r":{"a":0,"k":0,"ix":6},"o":{"a":0,"k":100,"ix":7},"sk":{"a":0,"k":0,"ix":4},"sa":{"a":0,"k":0,"ix":5},"nm":"变换"}],"nm":"组 4","np":2,"cix":2,"bm":0,"ix":4,"mn":"ADBE Vector Group","hd":false},{"ty":"gr","it":[{"ind":0,"ty":"sh","ix":1,"ks":{"a":0,"k":{"i":[[0.301,0],[0.2,0.2],[0,0],[0,0],[0.5,0.4],[-0.399,0.5],[0,0],[-0.5,-0.4],[0,0],[0.399,-0.5]],"o":[[-0.3,0],[0,0],[0,0],[-0.401,0.4],[-0.399,-0.4],[0,0],[0.399,-0.4],[0,0],[0.399,0.4],[0,0.2]],"v":[[4.4,14.05],[3.6,13.75],[-0.1,10.05],[-3.799,13.75],[-5.4,13.75],[-5.4,12.15],[-0.999,7.75],[0.6,7.75],[5.001,12.15],[5.001,13.75]],"c":true},"ix":2},"nm":"路径 1","mn":"ADBE Vector Shape - Group","hd":false},{"ind":1,"ty":"sh","ix":2,"ks":{"a":0,"k":{"i":[[0.299,0],[0.199,0.2],[0,0],[-0.4,0.5],[-0.5,-0.4],[0,0],[0,0],[-0.5,-0.4],[0.4,-0.5],[0,0]],"o":[[-0.3,0],[0,0],[-0.4,-0.4],[0.401,-0.4],[0,0],[0,0],[0.401,-0.4],[0.4,0.4],[0,0],[-0.5,0.2]],"v":[[0.001,-7.45],[-0.799,-7.75],[-5.201,-12.15],[-5.201,-13.75],[-3.6,-13.75],[0.1,-10.05],[3.799,-13.75],[5.4,-13.75],[5.4,-12.15],[1.001,-7.75]],"c":true},"ix":2},"nm":"路径 2","mn":"ADBE Vector Shape - Group","hd":false},{"ty":"mm","mm":1,"nm":"合并路径 1","mn":"ADBE Vector Filter - Merge","hd":false},{"ty":"fl","c":{"a":0,"k":[0.5372549019607843,0.8470588235294118,0.9333333333333333,1],"ix":4},"o":{"a":0,"k":100,"ix":5},"r":1,"bm":0,"nm":"填充 1","mn":"ADBE Vector Graphic - Fill","hd":false},{"ty":"tr","p":{"a":0,"k":[15.05,16.7],"ix":2},"a":{"a":0,"k":[0,0],"ix":1},"s":{"a":0,"k":[100,100],"ix":3},"r":{"a":0,"k":0,"ix":6},"o":{"a":0,"k":100,"ix":7},"sk":{"a":0,"k":0,"ix":4},"sa":{"a":0,"k":0,"ix":5},"nm":"变换"}],"nm":"组 5","np":4,"cix":2,"bm":0,"ix":5,"mn":"ADBE Vector Group","hd":false},{"ty":"gr","it":[{"ind":0,"ty":"sh","ix":1,"ks":{"a":0,"k":{"i":[[0.6,0],[0,0.6],[0,0],[-0.601,0],[0,-0.6],[0,0]],"o":[[-0.601,0],[0,0],[0,-0.6],[0.6,0],[0,0],[0,0.6]],"v":[[0.001,16.4],[-1.101,15.3],[-1.101,-15.3],[0.001,-16.4],[1.101,-15.3],[1.101,15.3]],"c":true},"ix":2},"nm":"路径 1","mn":"ADBE Vector Shape - Group","hd":false},{"ty":"fl","c":{"a":0,"k":[0.5372549019607843,0.8470588235294118,0.9333333333333333,1],"ix":4},"o":{"a":0,"k":100,"ix":5},"r":1,"bm":0,"nm":"填充 1","mn":"ADBE Vector Graphic - Fill","hd":false},{"ty":"tr","p":{"a":0,"k":[15.049,16.65],"ix":2},"a":{"a":0,"k":[0,0],"ix":1},"s":{"a":0,"k":[100,100],"ix":3},"r":{"a":0,"k":0,"ix":6},"o":{"a":0,"k":100,"ix":7},"sk":{"a":0,"k":0,"ix":4},"sa":{"a":0,"k":0,"ix":5},"nm":"变换"}],"nm":"组 6","np":2,"cix":2,"bm":0,"ix":6,"mn":"ADBE Vector Group","hd":false}],"ip":100,"op":250,"st":100,"bm":0},{"ddd":0,"ind":8,"ty":4,"nm":"“2”轮廓 8","sr":1,"ks":{"o":{"a":1,"k":[{"i":{"x":[0.833],"y":[0.833]},"o":{"x":[0.167],"y":[0.167]},"t":96,"s":[100]},{"t":121,"s":[0]}],"ix":11},"r":{"a":0,"k":0,"ix":10},"p":{"a":1,"k":[{"i":{"x":0.833,"y":0.833},"o":{"x":0.167,"y":0.167},"t":69,"s":[32.672,36.464,0],"to":[-2.183,11.667,0],"ti":[2.183,-11.667,0]},{"t":121,"s":[28.48,58.864,0]}],"ix":2},"a":{"a":0,"k":[12.9,14.4,0],"ix":1},"s":{"a":0,"k":[32,32,100],"ix":6}},"ao":0,"shapes":[{"ty":"gr","it":[{"ind":0,"ty":"sh","ix":1,"ks":{"a":0,"k":{"i":[[0.5,0],[0,0],[0,0],[-0.1,0.5],[0,0],[-0.5,-0.1],[0.1,-0.5],[0,0],[0,0],[0.099,-0.5]],"o":[[0,0],[0,0],[-0.5,-0.101],[0,0],[0.1,-0.5],[0.5,0.101],[0,0],[0,0],[0.5,0.099],[-0.301,0.399]],"v":[[11.45,-1.251],[11.25,-1.251],[6.05,-2.65],[5.35,-3.85],[6.75,-9.05],[7.95,-9.751],[8.65,-8.55],[7.551,-4.251],[11.85,-3.15],[12.551,-1.949]],"c":true},"ix":2},"nm":"路径 1","mn":"ADBE Vector Shape - Group","hd":false},{"ind":1,"ty":"sh","ix":2,"ks":{"a":0,"k":{"i":[[0.4,0],[0,0],[-0.1,0.5],[0,0],[0,0],[-0.1,0.5],[-0.5,-0.101],[0,0],[0.1,-0.5],[0,0]],"o":[[0,0],[-0.5,-0.101],[0,0],[0,0],[-0.5,-0.1],[0.1,-0.5],[0,0],[0.5,0.101],[0,0],[-0.1,0.401]],"v":[[-7.75,9.85],[-7.95,9.85],[-8.65,8.65],[-7.55,4.35],[-11.85,3.249],[-12.55,2.051],[-11.35,1.351],[-6.15,2.749],[-5.45,3.95],[-6.85,9.15]],"c":true},"ix":2},"nm":"路径 2","mn":"ADBE Vector Shape - Group","hd":false},{"ty":"mm","mm":1,"nm":"合并路径 1","mn":"ADBE Vector Filter - Merge","hd":false},{"ty":"fl","c":{"a":0,"k":[0.5372549019607843,0.8470588235294118,0.9333333333333333,1],"ix":4},"o":{"a":0,"k":100,"ix":5},"r":1,"bm":0,"nm":"填充 1","mn":"ADBE Vector Graphic - Fill","hd":false},{"ty":"tr","p":{"a":0,"k":[12.9,14.4],"ix":2},"a":{"a":0,"k":[0,0],"ix":1},"s":{"a":0,"k":[100,100],"ix":3},"r":{"a":0,"k":0,"ix":6},"o":{"a":0,"k":100,"ix":7},"sk":{"a":0,"k":0,"ix":4},"sa":{"a":0,"k":0,"ix":5},"nm":"变换"}],"nm":"组 1","np":4,"cix":2,"bm":0,"ix":1,"mn":"ADBE Vector Group","hd":false},{"ty":"gr","it":[{"ind":0,"ty":"sh","ix":1,"ks":{"a":0,"k":{"i":[[0.2,0],[0.2,0.3],[-0.4,0.301],[0,0],[-0.3,-0.399],[0.4,-0.3],[0,0]],"o":[[-0.3,0],[-0.3,-0.5],[0,0],[0.5,-0.3],[0.3,0.5],[0,0],[-0.2,0.2]],"v":[[-11.4,7.6],[-12.2,7.1],[-11.9,5.799],[10.9,-7.3],[12.2,-7.001],[11.9,-5.701],[-10.9,7.4]],"c":true},"ix":2},"nm":"路径 1","mn":"ADBE Vector Shape - Group","hd":false},{"ty":"fl","c":{"a":0,"k":[0.5372549019607843,0.8470588235294118,0.9333333333333333,1],"ix":4},"o":{"a":0,"k":100,"ix":5},"r":1,"bm":0,"nm":"填充 1","mn":"ADBE Vector Graphic - Fill","hd":false},{"ty":"tr","p":{"a":0,"k":[12.85,14.35],"ix":2},"a":{"a":0,"k":[0,0],"ix":1},"s":{"a":0,"k":[100,100],"ix":3},"r":{"a":0,"k":0,"ix":6},"o":{"a":0,"k":100,"ix":7},"sk":{"a":0,"k":0,"ix":4},"sa":{"a":0,"k":0,"ix":5},"nm":"变换"}],"nm":"组 2","np":2,"cix":2,"bm":0,"ix":2,"mn":"ADBE Vector Group","hd":false},{"ty":"gr","it":[{"ind":0,"ty":"sh","ix":1,"ks":{"a":0,"k":{"i":[[0,0],[0.1,0.4],[0,0],[-0.5,0.201],[0,0],[-0.2,-0.5],[0.5,-0.199],[0,0],[0,0],[0.5,-0.2]],"o":[[-0.4,0],[0,0],[-0.1,-0.5],[0,0],[0.5,-0.101],[0.1,0.5],[0,0],[0,0],[0.1,0.5],[0,0]],"v":[[7.7,9.85],[6.8,9.15],[5.4,3.95],[6.1,2.749],[11.3,1.35],[12.5,2.05],[11.8,3.249],[7.5,4.35],[8.6,8.65],[7.9,9.85]],"c":true},"ix":2},"nm":"路径 1","mn":"ADBE Vector Shape - Group","hd":false},{"ind":1,"ty":"sh","ix":2,"ks":{"a":0,"k":{"i":[[0.1,0],[0.1,0.4],[-0.5,0.2],[0,0],[0,0],[-0.5,0.201],[-0.2,-0.5],[0,0],[0.1,-0.2],[0.3,0],[0,0]],"o":[[-0.4,0],[-0.1,-0.5],[0,0],[0,0],[-0.1,-0.5],[0.5,-0.099],[0,0],[0.1,0.2],[-0.1,0.2],[0,0],[-0.2,0.099]],"v":[[-11.6,-1.251],[-12.5,-1.95],[-11.8,-3.15],[-7.5,-4.251],[-8.6,-8.55],[-7.9,-9.751],[-6.7,-9.05],[-5.3,-3.85],[-5.4,-3.15],[-6,-2.751],[-11.2,-1.35]],"c":true},"ix":2},"nm":"路径 2","mn":"ADBE Vector Shape - Group","hd":false},{"ty":"mm","mm":1,"nm":"合并路径 1","mn":"ADBE Vector Filter - Merge","hd":false},{"ty":"fl","c":{"a":0,"k":[0.5372549019607843,0.8470588235294118,0.9333333333333333,1],"ix":4},"o":{"a":0,"k":100,"ix":5},"r":1,"bm":0,"nm":"填充 1","mn":"ADBE Vector Graphic - Fill","hd":false},{"ty":"tr","p":{"a":0,"k":[12.85,14.4],"ix":2},"a":{"a":0,"k":[0,0],"ix":1},"s":{"a":0,"k":[100,100],"ix":3},"r":{"a":0,"k":0,"ix":6},"o":{"a":0,"k":100,"ix":7},"sk":{"a":0,"k":0,"ix":4},"sa":{"a":0,"k":0,"ix":5},"nm":"变换"}],"nm":"组 3","np":4,"cix":2,"bm":0,"ix":3,"mn":"ADBE Vector Group","hd":false},{"ty":"gr","it":[{"ind":0,"ty":"sh","ix":1,"ks":{"a":0,"k":{"i":[[0.3,0],[0.2,0.101],[0,0],[-0.3,0.5],[-0.5,-0.3],[0,0],[0.3,-0.5]],"o":[[-0.2,0],[0,0],[-0.5,-0.3],[0.3,-0.5],[0,0],[0.5,0.3],[-0.2,0.299]],"v":[[11.4,7.551],[10.9,7.449],[-11.9,-5.65],[-12.2,-6.949],[-10.9,-7.251],[11.9,5.85],[12.2,7.15]],"c":true},"ix":2},"nm":"路径 1","mn":"ADBE Vector Shape - Group","hd":false},{"ty":"fl","c":{"a":0,"k":[0.5372549019607843,0.8470588235294118,0.9333333333333333,1],"ix":4},"o":{"a":0,"k":100,"ix":5},"r":1,"bm":0,"nm":"填充 1","mn":"ADBE Vector Graphic - Fill","hd":false},{"ty":"tr","p":{"a":0,"k":[12.85,14.4],"ix":2},"a":{"a":0,"k":[0,0],"ix":1},"s":{"a":0,"k":[100,100],"ix":3},"r":{"a":0,"k":0,"ix":6},"o":{"a":0,"k":100,"ix":7},"sk":{"a":0,"k":0,"ix":4},"sa":{"a":0,"k":0,"ix":5},"nm":"变换"}],"nm":"组 4","np":2,"cix":2,"bm":0,"ix":4,"mn":"ADBE Vector Group","hd":false},{"ty":"gr","it":[{"ind":0,"ty":"sh","ix":1,"ks":{"a":0,"k":{"i":[[0.2,0],[0.2,0.2],[0,0],[0,0],[0.3,0.4],[-0.4,0.3],[0,0],[-0.3,-0.4],[0,0],[0.4,-0.3]],"o":[[-0.2,0],[0,0],[0,0],[-0.4,0.4],[-0.4,-0.4],[0,0],[0.4,-0.4],[0,0],[0.4,0.4],[-0.2,0.2]],"v":[[3.8,12.1],[3.1,11.8],[0,8.7],[-3.1,11.8],[-4.4,11.8],[-4.4,10.5],[-0.6,6.7],[0.7,6.7],[4.5,10.5],[4.5,11.8]],"c":true},"ix":2},"nm":"路径 1","mn":"ADBE Vector Shape - Group","hd":false},{"ind":1,"ty":"sh","ix":2,"ks":{"a":0,"k":{"i":[[0.2,0],[0.2,0.2],[0,0],[-0.4,0.3],[-0.3,-0.4],[0,0],[0,0],[-0.3,-0.4],[0.4,-0.3],[0,0]],"o":[[-0.2,0],[0,0],[-0.4,-0.4],[0.4,-0.4],[0,0],[0,0],[0.4,-0.4],[0.4,0.4],[0,0],[0,0.2]],"v":[[0,-6.4],[-0.7,-6.7],[-4.5,-10.5],[-4.5,-11.8],[-3.2,-11.8],[-0.1,-8.7],[3,-11.8],[4.3,-11.8],[4.3,-10.5],[0.5,-6.7]],"c":true},"ix":2},"nm":"路径 2","mn":"ADBE Vector Shape - Group","hd":false},{"ty":"mm","mm":1,"nm":"合并路径 1","mn":"ADBE Vector Filter - Merge","hd":false},{"ty":"fl","c":{"a":0,"k":[0.5372549019607843,0.8470588235294118,0.9333333333333333,1],"ix":4},"o":{"a":0,"k":100,"ix":5},"r":1,"bm":0,"nm":"填充 1","mn":"ADBE Vector Graphic - Fill","hd":false},{"ty":"tr","p":{"a":0,"k":[12.85,14.45],"ix":2},"a":{"a":0,"k":[0,0],"ix":1},"s":{"a":0,"k":[100,100],"ix":3},"r":{"a":0,"k":0,"ix":6},"o":{"a":0,"k":100,"ix":7},"sk":{"a":0,"k":0,"ix":4},"sa":{"a":0,"k":0,"ix":5},"nm":"变换"}],"nm":"组 5","np":4,"cix":2,"bm":0,"ix":5,"mn":"ADBE Vector Group","hd":false},{"ty":"gr","it":[{"ind":0,"ty":"sh","ix":1,"ks":{"a":0,"k":{"i":[[0.5,0],[0,0.6],[0,0],[-0.6,0],[0,-0.6],[0,0]],"o":[[-0.5,0],[0,0],[0,-0.5],[0.6,0],[0,0],[-0.1,0.6]],"v":[[0,14.15],[-1,13.15],[-1,-13.15],[0,-14.15],[1,-13.15],[1,13.15]],"c":true},"ix":2},"nm":"路径 1","mn":"ADBE Vector Shape - Group","hd":false},{"ty":"fl","c":{"a":0,"k":[0.5372549019607843,0.8470588235294118,0.9333333333333333,1],"ix":4},"o":{"a":0,"k":100,"ix":5},"r":1,"bm":0,"nm":"填充 1","mn":"ADBE Vector Graphic - Fill","hd":false},{"ty":"tr","p":{"a":0,"k":[12.85,14.4],"ix":2},"a":{"a":0,"k":[0,0],"ix":1},"s":{"a":0,"k":[100,100],"ix":3},"r":{"a":0,"k":0,"ix":6},"o":{"a":0,"k":100,"ix":7},"sk":{"a":0,"k":0,"ix":4},"sa":{"a":0,"k":0,"ix":5},"nm":"变换"}],"nm":"组 6","np":2,"cix":2,"bm":0,"ix":6,"mn":"ADBE Vector Group","hd":false}],"ip":69,"op":219,"st":69,"bm":0},{"ddd":0,"ind":9,"ty":4,"nm":"“3”轮廓 8","sr":1,"ks":{"o":{"a":1,"k":[{"i":{"x":[0.833],"y":[0.833]},"o":{"x":[0.167],"y":[0.167]},"t":111,"s":[100]},{"t":141,"s":[0]}],"ix":11},"r":{"a":0,"k":0,"ix":10},"p":{"a":1,"k":[{"i":{"x":0.833,"y":0.833},"o":{"x":0.167,"y":0.167},"t":69,"s":[44.8,30.928,0],"to":[-0.417,3.167,0],"ti":[2.167,-16.167,0]},{"i":{"x":0.833,"y":0.833},"o":{"x":0.167,"y":0.167},"t":82,"s":[44,37.008,0],"to":[-2.167,16.167,0],"ti":[1.75,-13,0]},{"t":142,"s":[40.64,61.968,0]}],"ix":2},"a":{"a":0,"k":[15.05,16.65,0],"ix":1},"s":{"a":0,"k":[32,32,100],"ix":6}},"ao":0,"shapes":[{"ty":"gr","it":[{"ind":0,"ty":"sh","ix":1,"ks":{"a":0,"k":{"i":[[0.5,0],[0,0],[0,0],[0.201,0.201],[-0.101,0.199],[0,0],[-0.601,-0.2],[0.099,-0.601],[0,0],[0,0],[0.099,-0.6]],"o":[[0,0],[0,0],[-0.3,-0.1],[-0.099,-0.299],[0,0],[0.201,-0.6],[0.599,0.2],[0,0],[0,0],[0.599,0.201],[-0.101,0.4]],"v":[[13.45,-1.5],[13.15,-1.5],[7.051,-3.1],[6.35,-3.6],[6.251,-4.399],[7.85,-10.5],[9.251,-11.3],[10.051,-9.899],[8.751,-4.899],[13.751,-3.6],[14.551,-2.2]],"c":true},"ix":2},"nm":"路径 1","mn":"ADBE Vector Shape - Group","hd":false},{"ind":1,"ty":"sh","ix":2,"ks":{"a":0,"k":{"i":[[0.5,0],[0,0],[-0.1,0.599],[0,0],[0,0],[-0.1,0.6],[-0.599,-0.101],[0,0],[0.099,-0.601],[0,0]],"o":[[0,0],[-0.601,-0.2],[0,0],[0,0],[-0.601,-0.199],[0.101,-0.6],[0,0],[0.601,0.2],[0,0],[-0.2,0.5]],"v":[[-8.949,11.5],[-9.249,11.5],[-10.05,10.101],[-8.749,5.101],[-13.749,3.8],[-14.55,2.4],[-13.15,1.601],[-7.05,3.2],[-6.249,4.601],[-7.85,10.7]],"c":true},"ix":2},"nm":"路径 2","mn":"ADBE Vector Shape - Group","hd":false},{"ty":"mm","mm":1,"nm":"合并路径 1","mn":"ADBE Vector Filter - Merge","hd":false},{"ty":"fl","c":{"a":0,"k":[0.5372549019607843,0.8470588235294118,0.9333333333333333,1],"ix":4},"o":{"a":0,"k":100,"ix":5},"r":1,"bm":0,"nm":"填充 1","mn":"ADBE Vector Graphic - Fill","hd":false},{"ty":"tr","p":{"a":0,"k":[14.999,16.55],"ix":2},"a":{"a":0,"k":[0,0],"ix":1},"s":{"a":0,"k":[100,100],"ix":3},"r":{"a":0,"k":0,"ix":6},"o":{"a":0,"k":100,"ix":7},"sk":{"a":0,"k":0,"ix":4},"sa":{"a":0,"k":0,"ix":5},"nm":"变换"}],"nm":"组 1","np":4,"cix":2,"bm":0,"ix":1,"mn":"ADBE Vector Group","hd":false},{"ty":"gr","it":[{"ind":0,"ty":"sh","ix":1,"ks":{"a":0,"k":{"i":[[0.199,0],[0.199,0.401],[-0.5,0.3],[0,0],[-0.299,-0.5],[0.5,-0.3],[0,0]],"o":[[-0.4,0],[-0.301,-0.5],[0,0],[0.5,-0.3],[0.3,0.5],[0,0],[-0.101,0.199]],"v":[[-13.199,8.85],[-14.199,8.249],[-13.8,6.749],[12.7,-8.549],[14.2,-8.15],[13.801,-6.65],[-12.699,8.65]],"c":true},"ix":2},"nm":"路径 1","mn":"ADBE Vector Shape - Group","hd":false},{"ty":"fl","c":{"a":0,"k":[0.5372549019607843,0.8470588235294118,0.9333333333333333,1],"ix":4},"o":{"a":0,"k":100,"ix":5},"r":1,"bm":0,"nm":"填充 1","mn":"ADBE Vector Graphic - Fill","hd":false},{"ty":"tr","p":{"a":0,"k":[14.949,16.5],"ix":2},"a":{"a":0,"k":[0,0],"ix":1},"s":{"a":0,"k":[100,100],"ix":3},"r":{"a":0,"k":0,"ix":6},"o":{"a":0,"k":100,"ix":7},"sk":{"a":0,"k":0,"ix":4},"sa":{"a":0,"k":0,"ix":5},"nm":"变换"}],"nm":"组 2","np":2,"cix":2,"bm":0,"ix":2,"mn":"ADBE Vector Group","hd":false},{"ty":"gr","it":[{"ind":0,"ty":"sh","ix":1,"ks":{"a":0,"k":{"i":[[0,0],[0.201,0.5],[0,0],[-0.6,0.2],[0,0],[-0.201,-0.6],[0.599,-0.199],[0,0],[0,0],[0.599,-0.2]],"o":[[-0.5,0],[0,0],[-0.2,-0.601],[0,0],[0.6,-0.201],[0.2,0.6],[0,0],[0,0],[0.2,0.599],[0,0]],"v":[[9,11.5],[7.899,10.7],[6.3,4.601],[7.1,3.2],[13.2,1.601],[14.6,2.4],[13.8,3.8],[8.8,5.101],[10.1,10.101],[9.3,11.5]],"c":true},"ix":2},"nm":"路径 1","mn":"ADBE Vector Shape - Group","hd":false},{"ind":1,"ty":"sh","ix":2,"ks":{"a":0,"k":{"i":[[0.1,0],[0.201,0.5],[-0.6,0.201],[0,0],[0,0],[-0.6,0.2],[-0.201,-0.6],[0,0],[0.601,-0.2],[0,0]],"o":[[-0.5,0],[-0.199,-0.6],[0,0],[0,0],[-0.199,-0.601],[0.6,-0.2],[0,0],[0.199,0.599],[0,0],[-0.1,-0.101]],"v":[[-13.5,-1.399],[-14.601,-2.2],[-13.8,-3.6],[-8.8,-4.899],[-10.101,-9.899],[-9.3,-11.3],[-7.9,-10.5],[-6.3,-4.399],[-7.101,-3],[-13.2,-1.399]],"c":true},"ix":2},"nm":"路径 2","mn":"ADBE Vector Shape - Group","hd":false},{"ty":"mm","mm":1,"nm":"合并路径 1","mn":"ADBE Vector Filter - Merge","hd":false},{"ty":"fl","c":{"a":0,"k":[0.5372549019607843,0.8470588235294118,0.9333333333333333,1],"ix":4},"o":{"a":0,"k":100,"ix":5},"r":1,"bm":0,"nm":"填充 1","mn":"ADBE Vector Graphic - Fill","hd":false},{"ty":"tr","p":{"a":0,"k":[15.05,16.55],"ix":2},"a":{"a":0,"k":[0,0],"ix":1},"s":{"a":0,"k":[100,100],"ix":3},"r":{"a":0,"k":0,"ix":6},"o":{"a":0,"k":100,"ix":7},"sk":{"a":0,"k":0,"ix":4},"sa":{"a":0,"k":0,"ix":5},"nm":"变换"}],"nm":"组 3","np":4,"cix":2,"bm":0,"ix":3,"mn":"ADBE Vector Group","hd":false},{"ty":"gr","it":[{"ind":0,"ty":"sh","ix":1,"ks":{"a":0,"k":{"i":[[0.399,0],[0.201,0.1],[0,0],[-0.301,0.5],[-0.5,-0.3],[0,0],[0.3,-0.5]],"o":[[-0.2,0],[0,0],[-0.5,-0.3],[0.3,-0.5],[0,0],[0.5,0.301],[-0.099,0.301]],"v":[[13.301,8.8],[12.7,8.7],[-13.8,-6.599],[-14.199,-8.099],[-12.699,-8.5],[13.801,6.8],[14.2,8.3]],"c":true},"ix":2},"nm":"路径 1","mn":"ADBE Vector Shape - Group","hd":false},{"ty":"fl","c":{"a":0,"k":[0.5372549019607843,0.8470588235294118,0.9333333333333333,1],"ix":4},"o":{"a":0,"k":100,"ix":5},"r":1,"bm":0,"nm":"填充 1","mn":"ADBE Vector Graphic - Fill","hd":false},{"ty":"tr","p":{"a":0,"k":[14.949,16.55],"ix":2},"a":{"a":0,"k":[0,0],"ix":1},"s":{"a":0,"k":[100,100],"ix":3},"r":{"a":0,"k":0,"ix":6},"o":{"a":0,"k":100,"ix":7},"sk":{"a":0,"k":0,"ix":4},"sa":{"a":0,"k":0,"ix":5},"nm":"变换"}],"nm":"组 4","np":2,"cix":2,"bm":0,"ix":4,"mn":"ADBE Vector Group","hd":false},{"ty":"gr","it":[{"ind":0,"ty":"sh","ix":1,"ks":{"a":0,"k":{"i":[[0.301,0],[0.2,0.2],[0,0],[0,0],[0.5,0.4],[-0.399,0.5],[0,0],[-0.5,-0.4],[0,0],[0.399,-0.5]],"o":[[-0.3,0],[0,0],[0,0],[-0.401,0.4],[-0.399,-0.4],[0,0],[0.399,-0.4],[0,0],[0.399,0.4],[0,0.2]],"v":[[4.4,14.05],[3.6,13.75],[-0.1,10.05],[-3.799,13.75],[-5.4,13.75],[-5.4,12.15],[-0.999,7.75],[0.6,7.75],[5.001,12.15],[5.001,13.75]],"c":true},"ix":2},"nm":"路径 1","mn":"ADBE Vector Shape - Group","hd":false},{"ind":1,"ty":"sh","ix":2,"ks":{"a":0,"k":{"i":[[0.299,0],[0.199,0.2],[0,0],[-0.4,0.5],[-0.5,-0.4],[0,0],[0,0],[-0.5,-0.4],[0.4,-0.5],[0,0]],"o":[[-0.3,0],[0,0],[-0.4,-0.4],[0.401,-0.4],[0,0],[0,0],[0.401,-0.4],[0.4,0.4],[0,0],[-0.5,0.2]],"v":[[0.001,-7.45],[-0.799,-7.75],[-5.201,-12.15],[-5.201,-13.75],[-3.6,-13.75],[0.1,-10.05],[3.799,-13.75],[5.4,-13.75],[5.4,-12.15],[1.001,-7.75]],"c":true},"ix":2},"nm":"路径 2","mn":"ADBE Vector Shape - Group","hd":false},{"ty":"mm","mm":1,"nm":"合并路径 1","mn":"ADBE Vector Filter - Merge","hd":false},{"ty":"fl","c":{"a":0,"k":[0.5372549019607843,0.8470588235294118,0.9333333333333333,1],"ix":4},"o":{"a":0,"k":100,"ix":5},"r":1,"bm":0,"nm":"填充 1","mn":"ADBE Vector Graphic - Fill","hd":false},{"ty":"tr","p":{"a":0,"k":[15.05,16.7],"ix":2},"a":{"a":0,"k":[0,0],"ix":1},"s":{"a":0,"k":[100,100],"ix":3},"r":{"a":0,"k":0,"ix":6},"o":{"a":0,"k":100,"ix":7},"sk":{"a":0,"k":0,"ix":4},"sa":{"a":0,"k":0,"ix":5},"nm":"变换"}],"nm":"组 5","np":4,"cix":2,"bm":0,"ix":5,"mn":"ADBE Vector Group","hd":false},{"ty":"gr","it":[{"ind":0,"ty":"sh","ix":1,"ks":{"a":0,"k":{"i":[[0.6,0],[0,0.6],[0,0],[-0.601,0],[0,-0.6],[0,0]],"o":[[-0.601,0],[0,0],[0,-0.6],[0.6,0],[0,0],[0,0.6]],"v":[[0.001,16.4],[-1.101,15.3],[-1.101,-15.3],[0.001,-16.4],[1.101,-15.3],[1.101,15.3]],"c":true},"ix":2},"nm":"路径 1","mn":"ADBE Vector Shape - Group","hd":false},{"ty":"fl","c":{"a":0,"k":[0.5372549019607843,0.8470588235294118,0.9333333333333333,1],"ix":4},"o":{"a":0,"k":100,"ix":5},"r":1,"bm":0,"nm":"填充 1","mn":"ADBE Vector Graphic - Fill","hd":false},{"ty":"tr","p":{"a":0,"k":[15.049,16.65],"ix":2},"a":{"a":0,"k":[0,0],"ix":1},"s":{"a":0,"k":[100,100],"ix":3},"r":{"a":0,"k":0,"ix":6},"o":{"a":0,"k":100,"ix":7},"sk":{"a":0,"k":0,"ix":4},"sa":{"a":0,"k":0,"ix":5},"nm":"变换"}],"nm":"组 6","np":2,"cix":2,"bm":0,"ix":6,"mn":"ADBE Vector Group","hd":false}],"ip":69,"op":219,"st":69,"bm":0},{"ddd":0,"ind":10,"ty":4,"nm":"“2”轮廓 7","sr":1,"ks":{"o":{"a":1,"k":[{"i":{"x":[0.833],"y":[0.833]},"o":{"x":[0.167],"y":[0.167]},"t":62,"s":[100]},{"t":87,"s":[0]}],"ix":11},"r":{"a":0,"k":0,"ix":10},"p":{"a":1,"k":[{"i":{"x":0.833,"y":0.833},"o":{"x":0.167,"y":0.167},"t":35,"s":[32.672,36.464,0],"to":[-2.183,11.667,0],"ti":[2.183,-11.667,0]},{"t":87,"s":[28.48,58.864,0]}],"ix":2},"a":{"a":0,"k":[12.9,14.4,0],"ix":1},"s":{"a":0,"k":[32,32,100],"ix":6}},"ao":0,"shapes":[{"ty":"gr","it":[{"ind":0,"ty":"sh","ix":1,"ks":{"a":0,"k":{"i":[[0.5,0],[0,0],[0,0],[-0.1,0.5],[0,0],[-0.5,-0.1],[0.1,-0.5],[0,0],[0,0],[0.099,-0.5]],"o":[[0,0],[0,0],[-0.5,-0.101],[0,0],[0.1,-0.5],[0.5,0.101],[0,0],[0,0],[0.5,0.099],[-0.301,0.399]],"v":[[11.45,-1.251],[11.25,-1.251],[6.05,-2.65],[5.35,-3.85],[6.75,-9.05],[7.95,-9.751],[8.65,-8.55],[7.551,-4.251],[11.85,-3.15],[12.551,-1.949]],"c":true},"ix":2},"nm":"路径 1","mn":"ADBE Vector Shape - Group","hd":false},{"ind":1,"ty":"sh","ix":2,"ks":{"a":0,"k":{"i":[[0.4,0],[0,0],[-0.1,0.5],[0,0],[0,0],[-0.1,0.5],[-0.5,-0.101],[0,0],[0.1,-0.5],[0,0]],"o":[[0,0],[-0.5,-0.101],[0,0],[0,0],[-0.5,-0.1],[0.1,-0.5],[0,0],[0.5,0.101],[0,0],[-0.1,0.401]],"v":[[-7.75,9.85],[-7.95,9.85],[-8.65,8.65],[-7.55,4.35],[-11.85,3.249],[-12.55,2.051],[-11.35,1.351],[-6.15,2.749],[-5.45,3.95],[-6.85,9.15]],"c":true},"ix":2},"nm":"路径 2","mn":"ADBE Vector Shape - Group","hd":false},{"ty":"mm","mm":1,"nm":"合并路径 1","mn":"ADBE Vector Filter - Merge","hd":false},{"ty":"fl","c":{"a":0,"k":[0.5372549019607843,0.8470588235294118,0.9333333333333333,1],"ix":4},"o":{"a":0,"k":100,"ix":5},"r":1,"bm":0,"nm":"填充 1","mn":"ADBE Vector Graphic - Fill","hd":false},{"ty":"tr","p":{"a":0,"k":[12.9,14.4],"ix":2},"a":{"a":0,"k":[0,0],"ix":1},"s":{"a":0,"k":[100,100],"ix":3},"r":{"a":0,"k":0,"ix":6},"o":{"a":0,"k":100,"ix":7},"sk":{"a":0,"k":0,"ix":4},"sa":{"a":0,"k":0,"ix":5},"nm":"变换"}],"nm":"组 1","np":4,"cix":2,"bm":0,"ix":1,"mn":"ADBE Vector Group","hd":false},{"ty":"gr","it":[{"ind":0,"ty":"sh","ix":1,"ks":{"a":0,"k":{"i":[[0.2,0],[0.2,0.3],[-0.4,0.301],[0,0],[-0.3,-0.399],[0.4,-0.3],[0,0]],"o":[[-0.3,0],[-0.3,-0.5],[0,0],[0.5,-0.3],[0.3,0.5],[0,0],[-0.2,0.2]],"v":[[-11.4,7.6],[-12.2,7.1],[-11.9,5.799],[10.9,-7.3],[12.2,-7.001],[11.9,-5.701],[-10.9,7.4]],"c":true},"ix":2},"nm":"路径 1","mn":"ADBE Vector Shape - Group","hd":false},{"ty":"fl","c":{"a":0,"k":[0.5372549019607843,0.8470588235294118,0.9333333333333333,1],"ix":4},"o":{"a":0,"k":100,"ix":5},"r":1,"bm":0,"nm":"填充 1","mn":"ADBE Vector Graphic - Fill","hd":false},{"ty":"tr","p":{"a":0,"k":[12.85,14.35],"ix":2},"a":{"a":0,"k":[0,0],"ix":1},"s":{"a":0,"k":[100,100],"ix":3},"r":{"a":0,"k":0,"ix":6},"o":{"a":0,"k":100,"ix":7},"sk":{"a":0,"k":0,"ix":4},"sa":{"a":0,"k":0,"ix":5},"nm":"变换"}],"nm":"组 2","np":2,"cix":2,"bm":0,"ix":2,"mn":"ADBE Vector Group","hd":false},{"ty":"gr","it":[{"ind":0,"ty":"sh","ix":1,"ks":{"a":0,"k":{"i":[[0,0],[0.1,0.4],[0,0],[-0.5,0.201],[0,0],[-0.2,-0.5],[0.5,-0.199],[0,0],[0,0],[0.5,-0.2]],"o":[[-0.4,0],[0,0],[-0.1,-0.5],[0,0],[0.5,-0.101],[0.1,0.5],[0,0],[0,0],[0.1,0.5],[0,0]],"v":[[7.7,9.85],[6.8,9.15],[5.4,3.95],[6.1,2.749],[11.3,1.35],[12.5,2.05],[11.8,3.249],[7.5,4.35],[8.6,8.65],[7.9,9.85]],"c":true},"ix":2},"nm":"路径 1","mn":"ADBE Vector Shape - Group","hd":false},{"ind":1,"ty":"sh","ix":2,"ks":{"a":0,"k":{"i":[[0.1,0],[0.1,0.4],[-0.5,0.2],[0,0],[0,0],[-0.5,0.201],[-0.2,-0.5],[0,0],[0.1,-0.2],[0.3,0],[0,0]],"o":[[-0.4,0],[-0.1,-0.5],[0,0],[0,0],[-0.1,-0.5],[0.5,-0.099],[0,0],[0.1,0.2],[-0.1,0.2],[0,0],[-0.2,0.099]],"v":[[-11.6,-1.251],[-12.5,-1.95],[-11.8,-3.15],[-7.5,-4.251],[-8.6,-8.55],[-7.9,-9.751],[-6.7,-9.05],[-5.3,-3.85],[-5.4,-3.15],[-6,-2.751],[-11.2,-1.35]],"c":true},"ix":2},"nm":"路径 2","mn":"ADBE Vector Shape - Group","hd":false},{"ty":"mm","mm":1,"nm":"合并路径 1","mn":"ADBE Vector Filter - Merge","hd":false},{"ty":"fl","c":{"a":0,"k":[0.5372549019607843,0.8470588235294118,0.9333333333333333,1],"ix":4},"o":{"a":0,"k":100,"ix":5},"r":1,"bm":0,"nm":"填充 1","mn":"ADBE Vector Graphic - Fill","hd":false},{"ty":"tr","p":{"a":0,"k":[12.85,14.4],"ix":2},"a":{"a":0,"k":[0,0],"ix":1},"s":{"a":0,"k":[100,100],"ix":3},"r":{"a":0,"k":0,"ix":6},"o":{"a":0,"k":100,"ix":7},"sk":{"a":0,"k":0,"ix":4},"sa":{"a":0,"k":0,"ix":5},"nm":"变换"}],"nm":"组 3","np":4,"cix":2,"bm":0,"ix":3,"mn":"ADBE Vector Group","hd":false},{"ty":"gr","it":[{"ind":0,"ty":"sh","ix":1,"ks":{"a":0,"k":{"i":[[0.3,0],[0.2,0.101],[0,0],[-0.3,0.5],[-0.5,-0.3],[0,0],[0.3,-0.5]],"o":[[-0.2,0],[0,0],[-0.5,-0.3],[0.3,-0.5],[0,0],[0.5,0.3],[-0.2,0.299]],"v":[[11.4,7.551],[10.9,7.449],[-11.9,-5.65],[-12.2,-6.949],[-10.9,-7.251],[11.9,5.85],[12.2,7.15]],"c":true},"ix":2},"nm":"路径 1","mn":"ADBE Vector Shape - Group","hd":false},{"ty":"fl","c":{"a":0,"k":[0.5372549019607843,0.8470588235294118,0.9333333333333333,1],"ix":4},"o":{"a":0,"k":100,"ix":5},"r":1,"bm":0,"nm":"填充 1","mn":"ADBE Vector Graphic - Fill","hd":false},{"ty":"tr","p":{"a":0,"k":[12.85,14.4],"ix":2},"a":{"a":0,"k":[0,0],"ix":1},"s":{"a":0,"k":[100,100],"ix":3},"r":{"a":0,"k":0,"ix":6},"o":{"a":0,"k":100,"ix":7},"sk":{"a":0,"k":0,"ix":4},"sa":{"a":0,"k":0,"ix":5},"nm":"变换"}],"nm":"组 4","np":2,"cix":2,"bm":0,"ix":4,"mn":"ADBE Vector Group","hd":false},{"ty":"gr","it":[{"ind":0,"ty":"sh","ix":1,"ks":{"a":0,"k":{"i":[[0.2,0],[0.2,0.2],[0,0],[0,0],[0.3,0.4],[-0.4,0.3],[0,0],[-0.3,-0.4],[0,0],[0.4,-0.3]],"o":[[-0.2,0],[0,0],[0,0],[-0.4,0.4],[-0.4,-0.4],[0,0],[0.4,-0.4],[0,0],[0.4,0.4],[-0.2,0.2]],"v":[[3.8,12.1],[3.1,11.8],[0,8.7],[-3.1,11.8],[-4.4,11.8],[-4.4,10.5],[-0.6,6.7],[0.7,6.7],[4.5,10.5],[4.5,11.8]],"c":true},"ix":2},"nm":"路径 1","mn":"ADBE Vector Shape - Group","hd":false},{"ind":1,"ty":"sh","ix":2,"ks":{"a":0,"k":{"i":[[0.2,0],[0.2,0.2],[0,0],[-0.4,0.3],[-0.3,-0.4],[0,0],[0,0],[-0.3,-0.4],[0.4,-0.3],[0,0]],"o":[[-0.2,0],[0,0],[-0.4,-0.4],[0.4,-0.4],[0,0],[0,0],[0.4,-0.4],[0.4,0.4],[0,0],[0,0.2]],"v":[[0,-6.4],[-0.7,-6.7],[-4.5,-10.5],[-4.5,-11.8],[-3.2,-11.8],[-0.1,-8.7],[3,-11.8],[4.3,-11.8],[4.3,-10.5],[0.5,-6.7]],"c":true},"ix":2},"nm":"路径 2","mn":"ADBE Vector Shape - Group","hd":false},{"ty":"mm","mm":1,"nm":"合并路径 1","mn":"ADBE Vector Filter - Merge","hd":false},{"ty":"fl","c":{"a":0,"k":[0.5372549019607843,0.8470588235294118,0.9333333333333333,1],"ix":4},"o":{"a":0,"k":100,"ix":5},"r":1,"bm":0,"nm":"填充 1","mn":"ADBE Vector Graphic - Fill","hd":false},{"ty":"tr","p":{"a":0,"k":[12.85,14.45],"ix":2},"a":{"a":0,"k":[0,0],"ix":1},"s":{"a":0,"k":[100,100],"ix":3},"r":{"a":0,"k":0,"ix":6},"o":{"a":0,"k":100,"ix":7},"sk":{"a":0,"k":0,"ix":4},"sa":{"a":0,"k":0,"ix":5},"nm":"变换"}],"nm":"组 5","np":4,"cix":2,"bm":0,"ix":5,"mn":"ADBE Vector Group","hd":false},{"ty":"gr","it":[{"ind":0,"ty":"sh","ix":1,"ks":{"a":0,"k":{"i":[[0.5,0],[0,0.6],[0,0],[-0.6,0],[0,-0.6],[0,0]],"o":[[-0.5,0],[0,0],[0,-0.5],[0.6,0],[0,0],[-0.1,0.6]],"v":[[0,14.15],[-1,13.15],[-1,-13.15],[0,-14.15],[1,-13.15],[1,13.15]],"c":true},"ix":2},"nm":"路径 1","mn":"ADBE Vector Shape - Group","hd":false},{"ty":"fl","c":{"a":0,"k":[0.5372549019607843,0.8470588235294118,0.9333333333333333,1],"ix":4},"o":{"a":0,"k":100,"ix":5},"r":1,"bm":0,"nm":"填充 1","mn":"ADBE Vector Graphic - Fill","hd":false},{"ty":"tr","p":{"a":0,"k":[12.85,14.4],"ix":2},"a":{"a":0,"k":[0,0],"ix":1},"s":{"a":0,"k":[100,100],"ix":3},"r":{"a":0,"k":0,"ix":6},"o":{"a":0,"k":100,"ix":7},"sk":{"a":0,"k":0,"ix":4},"sa":{"a":0,"k":0,"ix":5},"nm":"变换"}],"nm":"组 6","np":2,"cix":2,"bm":0,"ix":6,"mn":"ADBE Vector Group","hd":false}],"ip":35,"op":185,"st":35,"bm":0},{"ddd":0,"ind":11,"ty":4,"nm":"“3”轮廓 6","sr":1,"ks":{"o":{"a":1,"k":[{"i":{"x":[0.833],"y":[0.833]},"o":{"x":[0.167],"y":[0.167]},"t":42,"s":[100]},{"t":72,"s":[0]}],"ix":11},"r":{"a":0,"k":0,"ix":10},"p":{"a":1,"k":[{"i":{"x":0.833,"y":0.833},"o":{"x":0.167,"y":0.167},"t":0,"s":[44.8,30.928,0],"to":[-0.417,3.167,0],"ti":[2.167,-12.833,0]},{"i":{"x":0.833,"y":0.833},"o":{"x":0.167,"y":0.167},"t":13,"s":[44,37.008,0],"to":[-2.167,12.833,0],"ti":[1.75,-9.667,0]},{"t":73,"s":[40.64,55.568000000000005,0]}],"ix":2},"a":{"a":0,"k":[15.05,16.65,0],"ix":1},"s":{"a":0,"k":[32,32,100],"ix":6}},"ao":0,"shapes":[{"ty":"gr","it":[{"ind":0,"ty":"sh","ix":1,"ks":{"a":0,"k":{"i":[[0.5,0],[0,0],[0,0],[0.201,0.201],[-0.101,0.199],[0,0],[-0.601,-0.2],[0.099,-0.601],[0,0],[0,0],[0.099,-0.6]],"o":[[0,0],[0,0],[-0.3,-0.1],[-0.099,-0.299],[0,0],[0.201,-0.6],[0.599,0.2],[0,0],[0,0],[0.599,0.201],[-0.101,0.4]],"v":[[13.45,-1.5],[13.15,-1.5],[7.051,-3.1],[6.35,-3.6],[6.251,-4.399],[7.85,-10.5],[9.251,-11.3],[10.051,-9.899],[8.751,-4.899],[13.751,-3.6],[14.551,-2.2]],"c":true},"ix":2},"nm":"路径 1","mn":"ADBE Vector Shape - Group","hd":false},{"ind":1,"ty":"sh","ix":2,"ks":{"a":0,"k":{"i":[[0.5,0],[0,0],[-0.1,0.599],[0,0],[0,0],[-0.1,0.6],[-0.599,-0.101],[0,0],[0.099,-0.601],[0,0]],"o":[[0,0],[-0.601,-0.2],[0,0],[0,0],[-0.601,-0.199],[0.101,-0.6],[0,0],[0.601,0.2],[0,0],[-0.2,0.5]],"v":[[-8.949,11.5],[-9.249,11.5],[-10.05,10.101],[-8.749,5.101],[-13.749,3.8],[-14.55,2.4],[-13.15,1.601],[-7.05,3.2],[-6.249,4.601],[-7.85,10.7]],"c":true},"ix":2},"nm":"路径 2","mn":"ADBE Vector Shape - Group","hd":false},{"ty":"mm","mm":1,"nm":"合并路径 1","mn":"ADBE Vector Filter - Merge","hd":false},{"ty":"fl","c":{"a":0,"k":[0.5372549019607843,0.8470588235294118,0.9333333333333333,1],"ix":4},"o":{"a":0,"k":100,"ix":5},"r":1,"bm":0,"nm":"填充 1","mn":"ADBE Vector Graphic - Fill","hd":false},{"ty":"tr","p":{"a":0,"k":[14.999,16.55],"ix":2},"a":{"a":0,"k":[0,0],"ix":1},"s":{"a":0,"k":[100,100],"ix":3},"r":{"a":0,"k":0,"ix":6},"o":{"a":0,"k":100,"ix":7},"sk":{"a":0,"k":0,"ix":4},"sa":{"a":0,"k":0,"ix":5},"nm":"变换"}],"nm":"组 1","np":4,"cix":2,"bm":0,"ix":1,"mn":"ADBE Vector Group","hd":false},{"ty":"gr","it":[{"ind":0,"ty":"sh","ix":1,"ks":{"a":0,"k":{"i":[[0.199,0],[0.199,0.401],[-0.5,0.3],[0,0],[-0.299,-0.5],[0.5,-0.3],[0,0]],"o":[[-0.4,0],[-0.301,-0.5],[0,0],[0.5,-0.3],[0.3,0.5],[0,0],[-0.101,0.199]],"v":[[-13.199,8.85],[-14.199,8.249],[-13.8,6.749],[12.7,-8.549],[14.2,-8.15],[13.801,-6.65],[-12.699,8.65]],"c":true},"ix":2},"nm":"路径 1","mn":"ADBE Vector Shape - Group","hd":false},{"ty":"fl","c":{"a":0,"k":[0.5372549019607843,0.8470588235294118,0.9333333333333333,1],"ix":4},"o":{"a":0,"k":100,"ix":5},"r":1,"bm":0,"nm":"填充 1","mn":"ADBE Vector Graphic - Fill","hd":false},{"ty":"tr","p":{"a":0,"k":[14.949,16.5],"ix":2},"a":{"a":0,"k":[0,0],"ix":1},"s":{"a":0,"k":[100,100],"ix":3},"r":{"a":0,"k":0,"ix":6},"o":{"a":0,"k":100,"ix":7},"sk":{"a":0,"k":0,"ix":4},"sa":{"a":0,"k":0,"ix":5},"nm":"变换"}],"nm":"组 2","np":2,"cix":2,"bm":0,"ix":2,"mn":"ADBE Vector Group","hd":false},{"ty":"gr","it":[{"ind":0,"ty":"sh","ix":1,"ks":{"a":0,"k":{"i":[[0,0],[0.201,0.5],[0,0],[-0.6,0.2],[0,0],[-0.201,-0.6],[0.599,-0.199],[0,0],[0,0],[0.599,-0.2]],"o":[[-0.5,0],[0,0],[-0.2,-0.601],[0,0],[0.6,-0.201],[0.2,0.6],[0,0],[0,0],[0.2,0.599],[0,0]],"v":[[9,11.5],[7.899,10.7],[6.3,4.601],[7.1,3.2],[13.2,1.601],[14.6,2.4],[13.8,3.8],[8.8,5.101],[10.1,10.101],[9.3,11.5]],"c":true},"ix":2},"nm":"路径 1","mn":"ADBE Vector Shape - Group","hd":false},{"ind":1,"ty":"sh","ix":2,"ks":{"a":0,"k":{"i":[[0.1,0],[0.201,0.5],[-0.6,0.201],[0,0],[0,0],[-0.6,0.2],[-0.201,-0.6],[0,0],[0.601,-0.2],[0,0]],"o":[[-0.5,0],[-0.199,-0.6],[0,0],[0,0],[-0.199,-0.601],[0.6,-0.2],[0,0],[0.199,0.599],[0,0],[-0.1,-0.101]],"v":[[-13.5,-1.399],[-14.601,-2.2],[-13.8,-3.6],[-8.8,-4.899],[-10.101,-9.899],[-9.3,-11.3],[-7.9,-10.5],[-6.3,-4.399],[-7.101,-3],[-13.2,-1.399]],"c":true},"ix":2},"nm":"路径 2","mn":"ADBE Vector Shape - Group","hd":false},{"ty":"mm","mm":1,"nm":"合并路径 1","mn":"ADBE Vector Filter - Merge","hd":false},{"ty":"fl","c":{"a":0,"k":[0.5372549019607843,0.8470588235294118,0.9333333333333333,1],"ix":4},"o":{"a":0,"k":100,"ix":5},"r":1,"bm":0,"nm":"填充 1","mn":"ADBE Vector Graphic - Fill","hd":false},{"ty":"tr","p":{"a":0,"k":[15.05,16.55],"ix":2},"a":{"a":0,"k":[0,0],"ix":1},"s":{"a":0,"k":[100,100],"ix":3},"r":{"a":0,"k":0,"ix":6},"o":{"a":0,"k":100,"ix":7},"sk":{"a":0,"k":0,"ix":4},"sa":{"a":0,"k":0,"ix":5},"nm":"变换"}],"nm":"组 3","np":4,"cix":2,"bm":0,"ix":3,"mn":"ADBE Vector Group","hd":false},{"ty":"gr","it":[{"ind":0,"ty":"sh","ix":1,"ks":{"a":0,"k":{"i":[[0.399,0],[0.201,0.1],[0,0],[-0.301,0.5],[-0.5,-0.3],[0,0],[0.3,-0.5]],"o":[[-0.2,0],[0,0],[-0.5,-0.3],[0.3,-0.5],[0,0],[0.5,0.301],[-0.099,0.301]],"v":[[13.301,8.8],[12.7,8.7],[-13.8,-6.599],[-14.199,-8.099],[-12.699,-8.5],[13.801,6.8],[14.2,8.3]],"c":true},"ix":2},"nm":"路径 1","mn":"ADBE Vector Shape - Group","hd":false},{"ty":"fl","c":{"a":0,"k":[0.5372549019607843,0.8470588235294118,0.9333333333333333,1],"ix":4},"o":{"a":0,"k":100,"ix":5},"r":1,"bm":0,"nm":"填充 1","mn":"ADBE Vector Graphic - Fill","hd":false},{"ty":"tr","p":{"a":0,"k":[14.949,16.55],"ix":2},"a":{"a":0,"k":[0,0],"ix":1},"s":{"a":0,"k":[100,100],"ix":3},"r":{"a":0,"k":0,"ix":6},"o":{"a":0,"k":100,"ix":7},"sk":{"a":0,"k":0,"ix":4},"sa":{"a":0,"k":0,"ix":5},"nm":"变换"}],"nm":"组 4","np":2,"cix":2,"bm":0,"ix":4,"mn":"ADBE Vector Group","hd":false},{"ty":"gr","it":[{"ind":0,"ty":"sh","ix":1,"ks":{"a":0,"k":{"i":[[0.301,0],[0.2,0.2],[0,0],[0,0],[0.5,0.4],[-0.399,0.5],[0,0],[-0.5,-0.4],[0,0],[0.399,-0.5]],"o":[[-0.3,0],[0,0],[0,0],[-0.401,0.4],[-0.399,-0.4],[0,0],[0.399,-0.4],[0,0],[0.399,0.4],[0,0.2]],"v":[[4.4,14.05],[3.6,13.75],[-0.1,10.05],[-3.799,13.75],[-5.4,13.75],[-5.4,12.15],[-0.999,7.75],[0.6,7.75],[5.001,12.15],[5.001,13.75]],"c":true},"ix":2},"nm":"路径 1","mn":"ADBE Vector Shape - Group","hd":false},{"ind":1,"ty":"sh","ix":2,"ks":{"a":0,"k":{"i":[[0.299,0],[0.199,0.2],[0,0],[-0.4,0.5],[-0.5,-0.4],[0,0],[0,0],[-0.5,-0.4],[0.4,-0.5],[0,0]],"o":[[-0.3,0],[0,0],[-0.4,-0.4],[0.401,-0.4],[0,0],[0,0],[0.401,-0.4],[0.4,0.4],[0,0],[-0.5,0.2]],"v":[[0.001,-7.45],[-0.799,-7.75],[-5.201,-12.15],[-5.201,-13.75],[-3.6,-13.75],[0.1,-10.05],[3.799,-13.75],[5.4,-13.75],[5.4,-12.15],[1.001,-7.75]],"c":true},"ix":2},"nm":"路径 2","mn":"ADBE Vector Shape - Group","hd":false},{"ty":"mm","mm":1,"nm":"合并路径 1","mn":"ADBE Vector Filter - Merge","hd":false},{"ty":"fl","c":{"a":0,"k":[0.5372549019607843,0.8470588235294118,0.9333333333333333,1],"ix":4},"o":{"a":0,"k":100,"ix":5},"r":1,"bm":0,"nm":"填充 1","mn":"ADBE Vector Graphic - Fill","hd":false},{"ty":"tr","p":{"a":0,"k":[15.05,16.7],"ix":2},"a":{"a":0,"k":[0,0],"ix":1},"s":{"a":0,"k":[100,100],"ix":3},"r":{"a":0,"k":0,"ix":6},"o":{"a":0,"k":100,"ix":7},"sk":{"a":0,"k":0,"ix":4},"sa":{"a":0,"k":0,"ix":5},"nm":"变换"}],"nm":"组 5","np":4,"cix":2,"bm":0,"ix":5,"mn":"ADBE Vector Group","hd":false},{"ty":"gr","it":[{"ind":0,"ty":"sh","ix":1,"ks":{"a":0,"k":{"i":[[0.6,0],[0,0.6],[0,0],[-0.601,0],[0,-0.6],[0,0]],"o":[[-0.601,0],[0,0],[0,-0.6],[0.6,0],[0,0],[0,0.6]],"v":[[0.001,16.4],[-1.101,15.3],[-1.101,-15.3],[0.001,-16.4],[1.101,-15.3],[1.101,15.3]],"c":true},"ix":2},"nm":"路径 1","mn":"ADBE Vector Shape - Group","hd":false},{"ty":"fl","c":{"a":0,"k":[0.5372549019607843,0.8470588235294118,0.9333333333333333,1],"ix":4},"o":{"a":0,"k":100,"ix":5},"r":1,"bm":0,"nm":"填充 1","mn":"ADBE Vector Graphic - Fill","hd":false},{"ty":"tr","p":{"a":0,"k":[15.049,16.65],"ix":2},"a":{"a":0,"k":[0,0],"ix":1},"s":{"a":0,"k":[100,100],"ix":3},"r":{"a":0,"k":0,"ix":6},"o":{"a":0,"k":100,"ix":7},"sk":{"a":0,"k":0,"ix":4},"sa":{"a":0,"k":0,"ix":5},"nm":"变换"}],"nm":"组 6","np":2,"cix":2,"bm":0,"ix":6,"mn":"ADBE Vector Group","hd":false}],"ip":0,"op":150,"st":0,"bm":0},{"ddd":0,"ind":12,"ty":4,"nm":"“2”轮廓 6","sr":1,"ks":{"o":{"a":1,"k":[{"i":{"x":[0.833],"y":[0.833]},"o":{"x":[0.167],"y":[0.167]},"t":27,"s":[100]},{"t":52,"s":[0]}],"ix":11},"r":{"a":0,"k":0,"ix":10},"p":{"a":1,"k":[{"i":{"x":0.833,"y":0.833},"o":{"x":0.167,"y":0.167},"t":0,"s":[32.672,36.464,0],"to":[-2.183,11.667,0],"ti":[2.183,-11.667,0]},{"t":52,"s":[28.48,58.864,0]}],"ix":2},"a":{"a":0,"k":[12.9,14.4,0],"ix":1},"s":{"a":0,"k":[32,32,100],"ix":6}},"ao":0,"shapes":[{"ty":"gr","it":[{"ind":0,"ty":"sh","ix":1,"ks":{"a":0,"k":{"i":[[0.5,0],[0,0],[0,0],[-0.1,0.5],[0,0],[-0.5,-0.1],[0.1,-0.5],[0,0],[0,0],[0.099,-0.5]],"o":[[0,0],[0,0],[-0.5,-0.101],[0,0],[0.1,-0.5],[0.5,0.101],[0,0],[0,0],[0.5,0.099],[-0.301,0.399]],"v":[[11.45,-1.251],[11.25,-1.251],[6.05,-2.65],[5.35,-3.85],[6.75,-9.05],[7.95,-9.751],[8.65,-8.55],[7.551,-4.251],[11.85,-3.15],[12.551,-1.949]],"c":true},"ix":2},"nm":"路径 1","mn":"ADBE Vector Shape - Group","hd":false},{"ind":1,"ty":"sh","ix":2,"ks":{"a":0,"k":{"i":[[0.4,0],[0,0],[-0.1,0.5],[0,0],[0,0],[-0.1,0.5],[-0.5,-0.101],[0,0],[0.1,-0.5],[0,0]],"o":[[0,0],[-0.5,-0.101],[0,0],[0,0],[-0.5,-0.1],[0.1,-0.5],[0,0],[0.5,0.101],[0,0],[-0.1,0.401]],"v":[[-7.75,9.85],[-7.95,9.85],[-8.65,8.65],[-7.55,4.35],[-11.85,3.249],[-12.55,2.051],[-11.35,1.351],[-6.15,2.749],[-5.45,3.95],[-6.85,9.15]],"c":true},"ix":2},"nm":"路径 2","mn":"ADBE Vector Shape - Group","hd":false},{"ty":"mm","mm":1,"nm":"合并路径 1","mn":"ADBE Vector Filter - Merge","hd":false},{"ty":"fl","c":{"a":0,"k":[0.5372549019607843,0.8470588235294118,0.9333333333333333,1],"ix":4},"o":{"a":0,"k":100,"ix":5},"r":1,"bm":0,"nm":"填充 1","mn":"ADBE Vector Graphic - Fill","hd":false},{"ty":"tr","p":{"a":0,"k":[12.9,14.4],"ix":2},"a":{"a":0,"k":[0,0],"ix":1},"s":{"a":0,"k":[100,100],"ix":3},"r":{"a":0,"k":0,"ix":6},"o":{"a":0,"k":100,"ix":7},"sk":{"a":0,"k":0,"ix":4},"sa":{"a":0,"k":0,"ix":5},"nm":"变换"}],"nm":"组 1","np":4,"cix":2,"bm":0,"ix":1,"mn":"ADBE Vector Group","hd":false},{"ty":"gr","it":[{"ind":0,"ty":"sh","ix":1,"ks":{"a":0,"k":{"i":[[0.2,0],[0.2,0.3],[-0.4,0.301],[0,0],[-0.3,-0.399],[0.4,-0.3],[0,0]],"o":[[-0.3,0],[-0.3,-0.5],[0,0],[0.5,-0.3],[0.3,0.5],[0,0],[-0.2,0.2]],"v":[[-11.4,7.6],[-12.2,7.1],[-11.9,5.799],[10.9,-7.3],[12.2,-7.001],[11.9,-5.701],[-10.9,7.4]],"c":true},"ix":2},"nm":"路径 1","mn":"ADBE Vector Shape - Group","hd":false},{"ty":"fl","c":{"a":0,"k":[0.5372549019607843,0.8470588235294118,0.9333333333333333,1],"ix":4},"o":{"a":0,"k":100,"ix":5},"r":1,"bm":0,"nm":"填充 1","mn":"ADBE Vector Graphic - Fill","hd":false},{"ty":"tr","p":{"a":0,"k":[12.85,14.35],"ix":2},"a":{"a":0,"k":[0,0],"ix":1},"s":{"a":0,"k":[100,100],"ix":3},"r":{"a":0,"k":0,"ix":6},"o":{"a":0,"k":100,"ix":7},"sk":{"a":0,"k":0,"ix":4},"sa":{"a":0,"k":0,"ix":5},"nm":"变换"}],"nm":"组 2","np":2,"cix":2,"bm":0,"ix":2,"mn":"ADBE Vector Group","hd":false},{"ty":"gr","it":[{"ind":0,"ty":"sh","ix":1,"ks":{"a":0,"k":{"i":[[0,0],[0.1,0.4],[0,0],[-0.5,0.201],[0,0],[-0.2,-0.5],[0.5,-0.199],[0,0],[0,0],[0.5,-0.2]],"o":[[-0.4,0],[0,0],[-0.1,-0.5],[0,0],[0.5,-0.101],[0.1,0.5],[0,0],[0,0],[0.1,0.5],[0,0]],"v":[[7.7,9.85],[6.8,9.15],[5.4,3.95],[6.1,2.749],[11.3,1.35],[12.5,2.05],[11.8,3.249],[7.5,4.35],[8.6,8.65],[7.9,9.85]],"c":true},"ix":2},"nm":"路径 1","mn":"ADBE Vector Shape - Group","hd":false},{"ind":1,"ty":"sh","ix":2,"ks":{"a":0,"k":{"i":[[0.1,0],[0.1,0.4],[-0.5,0.2],[0,0],[0,0],[-0.5,0.201],[-0.2,-0.5],[0,0],[0.1,-0.2],[0.3,0],[0,0]],"o":[[-0.4,0],[-0.1,-0.5],[0,0],[0,0],[-0.1,-0.5],[0.5,-0.099],[0,0],[0.1,0.2],[-0.1,0.2],[0,0],[-0.2,0.099]],"v":[[-11.6,-1.251],[-12.5,-1.95],[-11.8,-3.15],[-7.5,-4.251],[-8.6,-8.55],[-7.9,-9.751],[-6.7,-9.05],[-5.3,-3.85],[-5.4,-3.15],[-6,-2.751],[-11.2,-1.35]],"c":true},"ix":2},"nm":"路径 2","mn":"ADBE Vector Shape - Group","hd":false},{"ty":"mm","mm":1,"nm":"合并路径 1","mn":"ADBE Vector Filter - Merge","hd":false},{"ty":"fl","c":{"a":0,"k":[0.5372549019607843,0.8470588235294118,0.9333333333333333,1],"ix":4},"o":{"a":0,"k":100,"ix":5},"r":1,"bm":0,"nm":"填充 1","mn":"ADBE Vector Graphic - Fill","hd":false},{"ty":"tr","p":{"a":0,"k":[12.85,14.4],"ix":2},"a":{"a":0,"k":[0,0],"ix":1},"s":{"a":0,"k":[100,100],"ix":3},"r":{"a":0,"k":0,"ix":6},"o":{"a":0,"k":100,"ix":7},"sk":{"a":0,"k":0,"ix":4},"sa":{"a":0,"k":0,"ix":5},"nm":"变换"}],"nm":"组 3","np":4,"cix":2,"bm":0,"ix":3,"mn":"ADBE Vector Group","hd":false},{"ty":"gr","it":[{"ind":0,"ty":"sh","ix":1,"ks":{"a":0,"k":{"i":[[0.3,0],[0.2,0.101],[0,0],[-0.3,0.5],[-0.5,-0.3],[0,0],[0.3,-0.5]],"o":[[-0.2,0],[0,0],[-0.5,-0.3],[0.3,-0.5],[0,0],[0.5,0.3],[-0.2,0.299]],"v":[[11.4,7.551],[10.9,7.449],[-11.9,-5.65],[-12.2,-6.949],[-10.9,-7.251],[11.9,5.85],[12.2,7.15]],"c":true},"ix":2},"nm":"路径 1","mn":"ADBE Vector Shape - Group","hd":false},{"ty":"fl","c":{"a":0,"k":[0.5372549019607843,0.8470588235294118,0.9333333333333333,1],"ix":4},"o":{"a":0,"k":100,"ix":5},"r":1,"bm":0,"nm":"填充 1","mn":"ADBE Vector Graphic - Fill","hd":false},{"ty":"tr","p":{"a":0,"k":[12.85,14.4],"ix":2},"a":{"a":0,"k":[0,0],"ix":1},"s":{"a":0,"k":[100,100],"ix":3},"r":{"a":0,"k":0,"ix":6},"o":{"a":0,"k":100,"ix":7},"sk":{"a":0,"k":0,"ix":4},"sa":{"a":0,"k":0,"ix":5},"nm":"变换"}],"nm":"组 4","np":2,"cix":2,"bm":0,"ix":4,"mn":"ADBE Vector Group","hd":false},{"ty":"gr","it":[{"ind":0,"ty":"sh","ix":1,"ks":{"a":0,"k":{"i":[[0.2,0],[0.2,0.2],[0,0],[0,0],[0.3,0.4],[-0.4,0.3],[0,0],[-0.3,-0.4],[0,0],[0.4,-0.3]],"o":[[-0.2,0],[0,0],[0,0],[-0.4,0.4],[-0.4,-0.4],[0,0],[0.4,-0.4],[0,0],[0.4,0.4],[-0.2,0.2]],"v":[[3.8,12.1],[3.1,11.8],[0,8.7],[-3.1,11.8],[-4.4,11.8],[-4.4,10.5],[-0.6,6.7],[0.7,6.7],[4.5,10.5],[4.5,11.8]],"c":true},"ix":2},"nm":"路径 1","mn":"ADBE Vector Shape - Group","hd":false},{"ind":1,"ty":"sh","ix":2,"ks":{"a":0,"k":{"i":[[0.2,0],[0.2,0.2],[0,0],[-0.4,0.3],[-0.3,-0.4],[0,0],[0,0],[-0.3,-0.4],[0.4,-0.3],[0,0]],"o":[[-0.2,0],[0,0],[-0.4,-0.4],[0.4,-0.4],[0,0],[0,0],[0.4,-0.4],[0.4,0.4],[0,0],[0,0.2]],"v":[[0,-6.4],[-0.7,-6.7],[-4.5,-10.5],[-4.5,-11.8],[-3.2,-11.8],[-0.1,-8.7],[3,-11.8],[4.3,-11.8],[4.3,-10.5],[0.5,-6.7]],"c":true},"ix":2},"nm":"路径 2","mn":"ADBE Vector Shape - Group","hd":false},{"ty":"mm","mm":1,"nm":"合并路径 1","mn":"ADBE Vector Filter - Merge","hd":false},{"ty":"fl","c":{"a":0,"k":[0.5372549019607843,0.8470588235294118,0.9333333333333333,1],"ix":4},"o":{"a":0,"k":100,"ix":5},"r":1,"bm":0,"nm":"填充 1","mn":"ADBE Vector Graphic - Fill","hd":false},{"ty":"tr","p":{"a":0,"k":[12.85,14.45],"ix":2},"a":{"a":0,"k":[0,0],"ix":1},"s":{"a":0,"k":[100,100],"ix":3},"r":{"a":0,"k":0,"ix":6},"o":{"a":0,"k":100,"ix":7},"sk":{"a":0,"k":0,"ix":4},"sa":{"a":0,"k":0,"ix":5},"nm":"变换"}],"nm":"组 5","np":4,"cix":2,"bm":0,"ix":5,"mn":"ADBE Vector Group","hd":false},{"ty":"gr","it":[{"ind":0,"ty":"sh","ix":1,"ks":{"a":0,"k":{"i":[[0.5,0],[0,0.6],[0,0],[-0.6,0],[0,-0.6],[0,0]],"o":[[-0.5,0],[0,0],[0,-0.5],[0.6,0],[0,0],[-0.1,0.6]],"v":[[0,14.15],[-1,13.15],[-1,-13.15],[0,-14.15],[1,-13.15],[1,13.15]],"c":true},"ix":2},"nm":"路径 1","mn":"ADBE Vector Shape - Group","hd":false},{"ty":"fl","c":{"a":0,"k":[0.5372549019607843,0.8470588235294118,0.9333333333333333,1],"ix":4},"o":{"a":0,"k":100,"ix":5},"r":1,"bm":0,"nm":"填充 1","mn":"ADBE Vector Graphic - Fill","hd":false},{"ty":"tr","p":{"a":0,"k":[12.85,14.4],"ix":2},"a":{"a":0,"k":[0,0],"ix":1},"s":{"a":0,"k":[100,100],"ix":3},"r":{"a":0,"k":0,"ix":6},"o":{"a":0,"k":100,"ix":7},"sk":{"a":0,"k":0,"ix":4},"sa":{"a":0,"k":0,"ix":5},"nm":"变换"}],"nm":"组 6","np":2,"cix":2,"bm":0,"ix":6,"mn":"ADBE Vector Group","hd":false}],"ip":0,"op":150,"st":0,"bm":0},{"ddd":0,"ind":13,"ty":4,"nm":"“1”轮廓 7","sr":1,"ks":{"o":{"a":1,"k":[{"i":{"x":[0.833],"y":[0.833]},"o":{"x":[0.167],"y":[0.167]},"t":57,"s":[100]},{"t":86,"s":[0]}],"ix":11},"r":{"a":0,"k":0,"ix":10},"p":{"a":1,"k":[{"i":{"x":0.833,"y":0.833},"o":{"x":0.167,"y":0.167},"t":0,"s":[22.08,31.535999999999998,0],"to":[-0.417,3.167,0],"ti":[2.708,-14.333,0]},{"i":{"x":0.833,"y":0.833},"o":{"x":0.167,"y":0.167},"t":27,"s":[21.28,37.616,0],"to":[-2.708,14.333,0],"ti":[2.292,-11.167,0]},{"t":86,"s":[16.88,59.056000000000004,0]}],"ix":2},"a":{"a":0,"k":[17.65,19.6,0],"ix":1},"s":{"a":0,"k":[32,32,100],"ix":6}},"ao":0,"shapes":[{"ty":"gr","it":[{"ind":0,"ty":"sh","ix":1,"ks":{"a":0,"k":{"i":[[0.6,0],[0,0],[0,0],[-0.2,0.7],[0,0],[-0.7,-0.2],[0.2,-0.7],[0,0],[0,0],[0.2,-0.701]],"o":[[0,0],[0,0],[-0.7,-0.201],[0,0],[0.2,-0.699],[0.7,0.201],[0,0],[0,0],[0.7,0.2],[-0.1,0.5]],"v":[[15.85,-1.75],[15.55,-1.75],[8.35,-3.649],[7.45,-5.25],[9.35,-12.45],[10.95,-13.35],[11.85,-11.75],[10.25,-5.85],[16.15,-4.25],[17.05,-2.649]],"c":true},"ix":2},"nm":"路径 1","mn":"ADBE Vector Shape - Group","hd":false},{"ind":1,"ty":"sh","ix":2,"ks":{"a":0,"k":{"i":[[0.6,0],[0,0],[-0.2,0.7],[0,0],[0,0],[-0.2,0.699],[-0.7,-0.2],[0,0],[-0.2,-0.3],[0.1,-0.3],[0,0]],"o":[[0,0],[-0.7,-0.199],[0,0],[0,0],[-0.7,-0.2],[0.2,-0.701],[0,0],[0.3,0.099],[0.2,0.3],[0,0],[-0.3,0.6]],"v":[[-10.65,13.55],[-10.95,13.55],[-11.85,11.95],[-10.25,6.05],[-16.15,4.45],[-17.05,2.851],[-15.45,1.95],[-8.25,3.851],[-7.45,4.45],[-7.35,5.45],[-9.25,12.55]],"c":true},"ix":2},"nm":"路径 2","mn":"ADBE Vector Shape - Group","hd":false},{"ty":"mm","mm":1,"nm":"合并路径 1","mn":"ADBE Vector Filter - Merge","hd":false},{"ty":"fl","c":{"a":0,"k":[0.5372549019607843,0.8470588235294118,0.9333333333333333,1],"ix":4},"o":{"a":0,"k":100,"ix":5},"r":1,"bm":0,"nm":"填充 1","mn":"ADBE Vector Graphic - Fill","hd":false},{"ty":"tr","p":{"a":0,"k":[17.7,19.5],"ix":2},"a":{"a":0,"k":[0,0],"ix":1},"s":{"a":0,"k":[100,100],"ix":3},"r":{"a":0,"k":0,"ix":6},"o":{"a":0,"k":100,"ix":7},"sk":{"a":0,"k":0,"ix":4},"sa":{"a":0,"k":0,"ix":5},"nm":"变换"}],"nm":"组 1","np":4,"cix":2,"bm":0,"ix":1,"mn":"ADBE Vector Group","hd":false},{"ty":"gr","it":[{"ind":0,"ty":"sh","ix":1,"ks":{"a":0,"k":{"i":[[0.2,0],[0.2,0.5],[-0.6,0.399],[0,0],[-0.4,-0.599],[0.6,-0.399],[0,0]],"o":[[-0.5,0],[-0.4,-0.601],[0,0],[0.6,-0.399],[0.4,0.601],[0,0],[-0.3,0.2]],"v":[[-15.7,10.5],[-16.8,9.8],[-16.3,8],[15,-10.101],[16.8,-9.601],[16.3,-7.801],[-15,10.3]],"c":true},"ix":2},"nm":"路径 1","mn":"ADBE Vector Shape - Group","hd":false},{"ty":"fl","c":{"a":0,"k":[0.5372549019607843,0.8470588235294118,0.9333333333333333,1],"ix":4},"o":{"a":0,"k":100,"ix":5},"r":1,"bm":0,"nm":"填充 1","mn":"ADBE Vector Graphic - Fill","hd":false},{"ty":"tr","p":{"a":0,"k":[17.75,19.35],"ix":2},"a":{"a":0,"k":[0,0],"ix":1},"s":{"a":0,"k":[100,100],"ix":3},"r":{"a":0,"k":0,"ix":6},"o":{"a":0,"k":100,"ix":7},"sk":{"a":0,"k":0,"ix":4},"sa":{"a":0,"k":0,"ix":5},"nm":"变换"}],"nm":"组 2","np":2,"cix":2,"bm":0,"ix":2,"mn":"ADBE Vector Group","hd":false},{"ty":"gr","it":[{"ind":0,"ty":"sh","ix":1,"ks":{"a":0,"k":{"i":[[0.1,0],[0.2,0.601],[0,0],[-0.7,0.2],[0,0],[-0.2,-0.7],[0.7,-0.2],[0,0],[0,0],[0.7,-0.2]],"o":[[-0.6,0],[0,0],[-0.2,-0.7],[0,0],[0.7,-0.2],[0.2,0.7],[0,0],[0,0],[0.2,0.699],[-0.2,0.1]],"v":[[10.7,13.6],[9.4,12.6],[7.5,5.4],[8.4,3.799],[15.6,1.9],[17.2,2.799],[16.3,4.4],[10.4,5.999],[12,11.9],[11.1,13.499]],"c":true},"ix":2},"nm":"路径 1","mn":"ADBE Vector Shape - Group","hd":false},{"ind":1,"ty":"sh","ix":2,"ks":{"a":0,"k":{"i":[[0.2,0],[0.2,0.601],[-0.7,0.2],[0,0],[0,0],[-0.7,0.2],[-0.2,-0.7],[0,0],[0.1,-0.3],[0.3,-0.101],[0,0]],"o":[[-0.6,0],[-0.2,-0.7],[0,0],[0,0],[-0.2,-0.701],[0.7,-0.199],[0,0],[0.1,0.301],[-0.2,0.301],[0,0],[0.1,0.2]],"v":[[-15.9,-1.701],[-17.2,-2.701],[-16.3,-4.299],[-10.4,-5.9],[-12,-11.799],[-11.1,-13.4],[-9.5,-12.501],[-7.6,-5.4],[-7.7,-4.4],[-8.5,-3.799],[-15.7,-1.9]],"c":true},"ix":2},"nm":"路径 2","mn":"ADBE Vector Shape - Group","hd":false},{"ty":"mm","mm":1,"nm":"合并路径 1","mn":"ADBE Vector Filter - Merge","hd":false},{"ty":"fl","c":{"a":0,"k":[0.5372549019607843,0.8470588235294118,0.9333333333333333,1],"ix":4},"o":{"a":0,"k":100,"ix":5},"r":1,"bm":0,"nm":"填充 1","mn":"ADBE Vector Graphic - Fill","hd":false},{"ty":"tr","p":{"a":0,"k":[17.65,19.45],"ix":2},"a":{"a":0,"k":[0,0],"ix":1},"s":{"a":0,"k":[100,100],"ix":3},"r":{"a":0,"k":0,"ix":6},"o":{"a":0,"k":100,"ix":7},"sk":{"a":0,"k":0,"ix":4},"sa":{"a":0,"k":0,"ix":5},"nm":"变换"}],"nm":"组 3","np":4,"cix":2,"bm":0,"ix":3,"mn":"ADBE Vector Group","hd":false},{"ty":"gr","it":[{"ind":0,"ty":"sh","ix":1,"ks":{"a":0,"k":{"i":[[0.4,0],[0.3,0.099],[0,0],[-0.3,0.601],[-0.6,-0.299],[0,0],[0.3,-0.599]],"o":[[-0.2,0],[0,0],[-0.6,-0.399],[0.4,-0.599],[0,0],[0.6,0.4],[-0.2,0.401]],"v":[[15.7,10.45],[15,10.25],[-16.3,-7.851],[-16.8,-9.651],[-15,-10.151],[16.3,8.05],[16.8,9.849]],"c":true},"ix":2},"nm":"路径 1","mn":"ADBE Vector Shape - Group","hd":false},{"ty":"fl","c":{"a":0,"k":[0.5372549019607843,0.8470588235294118,0.9333333333333333,1],"ix":4},"o":{"a":0,"k":100,"ix":5},"r":1,"bm":0,"nm":"填充 1","mn":"ADBE Vector Graphic - Fill","hd":false},{"ty":"tr","p":{"a":0,"k":[17.65,19.4],"ix":2},"a":{"a":0,"k":[0,0],"ix":1},"s":{"a":0,"k":[100,100],"ix":3},"r":{"a":0,"k":0,"ix":6},"o":{"a":0,"k":100,"ix":7},"sk":{"a":0,"k":0,"ix":4},"sa":{"a":0,"k":0,"ix":5},"nm":"变换"}],"nm":"组 4","np":2,"cix":2,"bm":0,"ix":4,"mn":"ADBE Vector Group","hd":false},{"ty":"gr","it":[{"ind":0,"ty":"sh","ix":1,"ks":{"a":0,"k":{"i":[[0.3,0],[0.2,0.299],[-0.5,0.5],[0,0],[-0.3,0],[-0.2,-0.3],[0,0],[0.5,-0.5],[0.5,0.5],[0,0],[0,0]],"o":[[-0.3,0],[-0.5,-0.5],[0,0],[0.2,-0.201],[0.3,0],[0,0],[0.5,0.5],[-0.5,0.5],[0,0],[0,0],[-0.3,0.299]],"v":[[-5.2,16.6],[-6.1,16.2],[-6.1,14.4],[-0.9,9.2],[0,8.8],[0.9,9.2],[6.1,14.4],[6.1,16.2],[4.3,16.2],[0,11.9],[-4.3,16.2]],"c":true},"ix":2},"nm":"路径 1","mn":"ADBE Vector Shape - Group","hd":false},{"ind":1,"ty":"sh","ix":2,"ks":{"a":0,"k":{"i":[[0.4,0],[0.2,0.3],[0,0],[-0.5,0.5],[-0.5,-0.5],[0,0],[0,0],[-0.5,-0.5],[0.5,-0.5],[0,0]],"o":[[-0.3,0],[0,0],[-0.5,-0.5],[0.5,-0.5],[0,0],[0,0],[0.5,-0.5],[0.5,0.5],[0,0],[-0.2,0.3]],"v":[[0,-8.8],[-0.9,-9.2],[-6.1,-14.4],[-6.1,-16.2],[-4.3,-16.2],[0,-11.9],[4.3,-16.2],[6.1,-16.2],[6.1,-14.4],[0.9,-9.2]],"c":true},"ix":2},"nm":"路径 2","mn":"ADBE Vector Shape - Group","hd":false},{"ty":"mm","mm":1,"nm":"合并路径 1","mn":"ADBE Vector Filter - Merge","hd":false},{"ty":"fl","c":{"a":0,"k":[0.5372549019607843,0.8470588235294118,0.9333333333333333,1],"ix":4},"o":{"a":0,"k":100,"ix":5},"r":1,"bm":0,"nm":"填充 1","mn":"ADBE Vector Graphic - Fill","hd":false},{"ty":"tr","p":{"a":0,"k":[17.65,19.55],"ix":2},"a":{"a":0,"k":[0,0],"ix":1},"s":{"a":0,"k":[100,100],"ix":3},"r":{"a":0,"k":0,"ix":6},"o":{"a":0,"k":100,"ix":7},"sk":{"a":0,"k":0,"ix":4},"sa":{"a":0,"k":0,"ix":5},"nm":"变换"}],"nm":"组 5","np":4,"cix":2,"bm":0,"ix":5,"mn":"ADBE Vector Group","hd":false},{"ty":"gr","it":[{"ind":0,"ty":"sh","ix":1,"ks":{"a":0,"k":{"i":[[0.7,0],[0,0.7],[0,0],[-0.7,0],[0,-0.7],[0,0]],"o":[[-0.7,0],[0,0],[0,-0.7],[0.7,0],[0,0],[0,0.7]],"v":[[0,19.35],[-1.3,18.05],[-1.3,-18.05],[0,-19.35],[1.3,-18.05],[1.3,18.05]],"c":true},"ix":2},"nm":"路径 1","mn":"ADBE Vector Shape - Group","hd":false},{"ty":"fl","c":{"a":0,"k":[0.5372549019607843,0.8470588235294118,0.9333333333333333,1],"ix":4},"o":{"a":0,"k":100,"ix":5},"r":1,"bm":0,"nm":"填充 1","mn":"ADBE Vector Graphic - Fill","hd":false},{"ty":"tr","p":{"a":0,"k":[17.65,19.6],"ix":2},"a":{"a":0,"k":[0,0],"ix":1},"s":{"a":0,"k":[100,100],"ix":3},"r":{"a":0,"k":0,"ix":6},"o":{"a":0,"k":100,"ix":7},"sk":{"a":0,"k":0,"ix":4},"sa":{"a":0,"k":0,"ix":5},"nm":"变换"}],"nm":"组 6","np":2,"cix":2,"bm":0,"ix":6,"mn":"ADBE Vector Group","hd":false}],"ip":0,"op":150,"st":0,"bm":0}],"markers":[]}