{"v":"5.5.7","meta":{"g":"LottieFiles AE 0.1.9","a":"","k":"","d":"","tc":""},"fr":60,"ip":0,"op":60,"w":64,"h":64,"nm":"attention_cloud_05","ddd":0,"assets":[],"layers":[{"ddd":0,"ind":1,"ty":4,"nm":" 8","sr":1,"ks":{"o":{"a":0,"k":100,"ix":11},"r":{"a":0,"k":0,"ix":10},"p":{"a":0,"k":[32.000000000000014,49.94666666666669,0],"ix":2},"a":{"a":0,"k":[0,83.81,0],"ix":1},"s":{"a":1,"k":[{"i":{"x":[0.32,0.32,0.32],"y":[1.27,1.27,1]},"o":{"x":[0.23,0.23,0.23],"y":[1.25,1.25,0]},"t":28,"s":[0,0,100]},{"t":33,"s":[21.333333333333343,21.333333333333343,100]}],"ix":6}},"ao":0,"shapes":[{"ty":"gr","it":[{"ind":0,"ty":"sh","ix":1,"ks":{"a":0,"k":{"i":[[3.314,0],[0,0],[0,3.314],[0,0],[-3.314,0],[0,0],[0,-3.314],[0,0]],"o":[[0,0],[-3.314,0],[0,0],[0,-3.314],[0,0],[3.314,0],[0,0],[0,3.314]],"v":[[0,89.81],[0,89.81],[-6,83.81],[-6,83.81],[0,77.81],[0,77.81],[6,83.81],[6,83.81]],"c":true},"ix":2},"nm":"Path 1","mn":"ADBE Vector Shape - Group","hd":false},{"ty":"fl","c":{"a":0,"k":[0.3137254901960784,0.7686274509803922,0.9137254901960784,1],"ix":4},"o":{"a":0,"k":100,"ix":5},"r":1,"bm":0,"nm":"Fill 1","mn":"ADBE Vector Graphic - Fill","hd":false},{"ty":"tr","p":{"a":0,"k":[0,0],"ix":2},"a":{"a":0,"k":[0,0],"ix":1},"s":{"a":0,"k":[100,100],"ix":3},"r":{"a":0,"k":0,"ix":6},"o":{"a":0,"k":100,"ix":7},"sk":{"a":0,"k":0,"ix":4},"sa":{"a":0,"k":0,"ix":5},"nm":"Transform"}],"nm":"Group 1","np":2,"cix":2,"bm":0,"ix":1,"mn":"ADBE Vector Group","hd":false},{"ty":"tm","s":{"a":0,"k":0,"ix":1},"e":{"a":0,"k":100,"ix":2},"o":{"a":0,"k":0,"ix":3},"m":1,"ix":2,"nm":"Trim In Path","mn":"ADBE Vector Filter - Trim","hd":false}],"ip":20,"op":60,"st":0,"bm":0},{"ddd":0,"ind":2,"ty":4,"nm":" 7","sr":1,"ks":{"o":{"a":0,"k":100,"ix":11},"r":{"a":0,"k":0,"ix":10},"p":{"a":0,"k":[32.000000000000014,32.000000000000014,0],"ix":2},"a":{"a":0,"k":[0,0,0],"ix":1},"s":{"a":0,"k":[21.333333333333343,21.333333333333343,100],"ix":6}},"ao":0,"shapes":[{"ty":"gr","it":[{"ind":0,"ty":"sh","ix":1,"ks":{"a":0,"k":{"i":[[0,0],[0,0]],"o":[[0,0],[0,0]],"v":[[0,42],[0,69]],"c":false},"ix":2},"nm":"Path 1","mn":"ADBE Vector Shape - Group","hd":false},{"ty":"st","c":{"a":0,"k":[0.3137254901960784,0.7686274509803922,0.9137254901960784,1],"ix":3},"o":{"a":0,"k":100,"ix":4},"w":{"a":0,"k":12,"ix":5},"lc":2,"lj":2,"bm":0,"nm":"Stroke 1","mn":"ADBE Vector Graphic - Stroke","hd":false},{"ty":"tr","p":{"a":0,"k":[0,0],"ix":2},"a":{"a":0,"k":[0,0],"ix":1},"s":{"a":0,"k":[100,100],"ix":3},"r":{"a":0,"k":0,"ix":6},"o":{"a":0,"k":100,"ix":7},"sk":{"a":0,"k":0,"ix":4},"sa":{"a":0,"k":0,"ix":5},"nm":"Transform"}],"nm":"Group 1","np":2,"cix":2,"bm":0,"ix":1,"mn":"ADBE Vector Group","hd":false},{"ty":"tm","s":{"a":0,"k":0,"ix":1},"e":{"a":1,"k":[{"i":{"x":[0.5],"y":[1]},"o":{"x":[0.167],"y":[0.167]},"t":23,"s":[0]},{"t":33,"s":[100]}],"ix":2},"o":{"a":0,"k":0,"ix":3},"m":1,"ix":2,"nm":"Trim In Path","mn":"ADBE Vector Filter - Trim","hd":false}],"ip":20,"op":60,"st":0,"bm":0},{"ddd":0,"ind":3,"ty":4,"nm":" 6","sr":1,"ks":{"o":{"a":0,"k":100,"ix":11},"r":{"a":0,"k":0,"ix":10},"p":{"a":0,"k":[32.000000000000014,32.000000000000014,0],"ix":2},"a":{"a":0,"k":[0,0,0],"ix":1},"s":{"a":0,"k":[21.333333333333343,21.333333333333343,100],"ix":6}},"ao":0,"shapes":[{"ty":"gr","it":[{"ind":0,"ty":"sh","ix":1,"ks":{"a":0,"k":{"i":[[0,0],[0,0],[0,0],[0,0]],"o":[[0,0],[0,0],[0,0],[0,0]],"v":[[57,101.056],[-57,101.056],[0,3.506],[0,3.506]],"c":true},"ix":2},"nm":"Path 1","mn":"ADBE Vector Shape - Group","hd":false},{"ty":"st","c":{"a":0,"k":[0.3137254901960784,0.7686274509803922,0.9137254901960784,1],"ix":3},"o":{"a":0,"k":100,"ix":4},"w":{"a":0,"k":12,"ix":5},"lc":2,"lj":2,"bm":0,"nm":"Stroke 1","mn":"ADBE Vector Graphic - Stroke","hd":false},{"ty":"tr","p":{"a":0,"k":[0,0],"ix":2},"a":{"a":0,"k":[0,0],"ix":1},"s":{"a":0,"k":[100,100],"ix":3},"r":{"a":0,"k":0,"ix":6},"o":{"a":0,"k":100,"ix":7},"sk":{"a":0,"k":0,"ix":4},"sa":{"a":0,"k":0,"ix":5},"nm":"Transform"}],"nm":"Group 1","np":2,"cix":2,"bm":0,"ix":1,"mn":"ADBE Vector Group","hd":false},{"ty":"tm","s":{"a":0,"k":0,"ix":1},"e":{"a":1,"k":[{"i":{"x":[0.5],"y":[1]},"o":{"x":[0.167],"y":[0.167]},"t":23,"s":[0]},{"t":33,"s":[100]}],"ix":2},"o":{"a":0,"k":0,"ix":3},"m":1,"ix":2,"nm":"Trim In Path","mn":"ADBE Vector Filter - Trim","hd":false}],"ip":20,"op":60,"st":0,"bm":0},{"ddd":0,"ind":4,"ty":4,"nm":" 2","sr":1,"ks":{"o":{"a":0,"k":100,"ix":11},"r":{"a":0,"k":0,"ix":10},"p":{"a":0,"k":[32.000000000000014,32.000000000000014,0],"ix":2},"a":{"a":0,"k":[0,0,0],"ix":1},"s":{"a":0,"k":[21.333333333333343,21.333333333333343,100],"ix":6}},"ao":0,"shapes":[{"ty":"gr","it":[{"ind":0,"ty":"sh","ix":1,"ks":{"a":0,"k":{"i":[[0,0],[-18.553,0]],"o":[[0,-18.553],[0,0]],"v":[[-44.593,-47],[-11,-80.593]],"c":false},"ix":2},"nm":"Path 1","mn":"ADBE Vector Shape - Group","hd":false},{"ty":"st","c":{"a":0,"k":[0.3137254901960784,0.7686274509803922,0.9137254901960784,1],"ix":3},"o":{"a":0,"k":100,"ix":4},"w":{"a":0,"k":12,"ix":5},"lc":2,"lj":2,"bm":0,"nm":"Stroke 1","mn":"ADBE Vector Graphic - Stroke","hd":false},{"ty":"tr","p":{"a":0,"k":[0,0],"ix":2},"a":{"a":0,"k":[0,0],"ix":1},"s":{"a":0,"k":[100,100],"ix":3},"r":{"a":0,"k":0,"ix":6},"o":{"a":0,"k":100,"ix":7},"sk":{"a":0,"k":0,"ix":4},"sa":{"a":0,"k":0,"ix":5},"nm":"Transform"}],"nm":"Group 1","np":2,"cix":2,"bm":0,"ix":1,"mn":"ADBE Vector Group","hd":false},{"ty":"gr","it":[{"ind":0,"ty":"sh","ix":1,"ks":{"a":0,"k":{"i":[[15.171,3.819],[0,0.36],[18.501,0],[2.873,-0.802],[26.051,0],[0,-27.543],[0,0],[-1.311,-4.364],[1.271,0],[0,-21.541],[-22.629,0],[0,0],[0,18.617]],"o":[[0.011,-0.357],[0,-18.501],[-3.129,0],[-4.05,-23.708],[-28.935,0],[0,0],[0,4.765],[-1.241,-0.108],[-22.629,0],[0,21.542],[0,0],[19.557,0],[0,-15.638]],"v":[[81.473,-25.642],[81.5,-26.715],[48,-60.215],[38.974,-58.975],[-12.727,-100.785],[-65.119,-50.913],[-65.119,-50.912],[-63.092,-37.181],[-66.859,-37.352],[-107.833,1.824],[-66.859,41],[72.421,41],[107.833,7.118]],"c":true},"ix":2},"nm":"Path 1","mn":"ADBE Vector Shape - Group","hd":false},{"ty":"st","c":{"a":0,"k":[0.3137254901960784,0.7686274509803922,0.9137254901960784,1],"ix":3},"o":{"a":0,"k":100,"ix":4},"w":{"a":0,"k":12,"ix":5},"lc":2,"lj":2,"bm":0,"nm":"Stroke 1","mn":"ADBE Vector Graphic - Stroke","hd":false},{"ty":"tr","p":{"a":0,"k":[0,0],"ix":2},"a":{"a":0,"k":[0,0],"ix":1},"s":{"a":0,"k":[100,100],"ix":3},"r":{"a":0,"k":0,"ix":6},"o":{"a":0,"k":100,"ix":7},"sk":{"a":0,"k":0,"ix":4},"sa":{"a":0,"k":0,"ix":5},"nm":"Transform"}],"nm":"Group 2","np":2,"cix":2,"bm":0,"ix":2,"mn":"ADBE Vector Group","hd":false},{"ty":"tm","s":{"a":0,"k":0,"ix":1},"e":{"a":1,"k":[{"i":{"x":[0.5],"y":[1]},"o":{"x":[0.167],"y":[0.167]},"t":0,"s":[0]},{"t":10,"s":[100]}],"ix":2},"o":{"a":0,"k":0,"ix":3},"m":1,"ix":3,"nm":"Trim In Path","mn":"ADBE Vector Filter - Trim","hd":false}],"ip":-59,"op":25,"st":-39,"bm":0},{"ddd":0,"ind":5,"ty":4,"nm":"","sr":1,"ks":{"o":{"a":0,"k":100,"ix":11},"r":{"a":0,"k":0,"ix":10},"p":{"s":true,"x":{"a":0,"k":150,"ix":3},"y":{"a":1,"k":[{"i":{"x":[0.32],"y":[1.27]},"o":{"x":[0.23],"y":[1.25]},"t":24,"s":[150]},{"i":{"x":[0.32],"y":[1.27]},"o":{"x":[0.23],"y":[1.25]},"t":29,"s":[140]},{"t":34,"s":[150]}],"ix":4}},"a":{"a":0,"k":[0,0,0],"ix":1},"s":{"a":0,"k":[21.333333333333343,21.333333333333343,100],"ix":6}},"ao":0,"shapes":[{"ty":"gr","it":[{"ind":0,"ty":"sh","ix":1,"ks":{"a":0,"k":{"i":[[0,0],[-18.553,0]],"o":[[0,-18.553],[0,0]],"v":[[-44.593,-47],[-11,-80.593]],"c":false},"ix":2},"nm":"Path 1","mn":"ADBE Vector Shape - Group","hd":false},{"ty":"st","c":{"a":0,"k":[0.3137254901960784,0.7686274509803922,0.9137254901960784,1],"ix":3},"o":{"a":0,"k":100,"ix":4},"w":{"a":0,"k":12,"ix":5},"lc":2,"lj":2,"bm":0,"nm":"Stroke 1","mn":"ADBE Vector Graphic - Stroke","hd":false},{"ty":"tr","p":{"a":0,"k":[0,0],"ix":2},"a":{"a":0,"k":[0,0],"ix":1},"s":{"a":0,"k":[100,100],"ix":3},"r":{"a":0,"k":0,"ix":6},"o":{"a":0,"k":100,"ix":7},"sk":{"a":0,"k":0,"ix":4},"sa":{"a":0,"k":0,"ix":5},"nm":"Transform"}],"nm":"Group 1","np":2,"cix":2,"bm":0,"ix":1,"mn":"ADBE Vector Group","hd":false},{"ty":"gr","it":[{"ind":0,"ty":"sh","ix":1,"ks":{"a":0,"k":{"i":[[0,0],[0,0],[0,18.617],[15.171,3.819],[0,0.36],[18.501,0],[2.873,-0.802],[26.051,0],[0,-27.543],[0,0],[-1.311,-4.364],[1.271,0],[0,-21.541],[-22.629,0],[0,0]],"o":[[0,0],[19.557,0],[0,-15.638],[0.011,-0.357],[0,-18.501],[-3.129,0],[-4.05,-23.708],[-28.935,0],[0,0],[0,4.765],[-1.241,-0.108],[-22.629,0],[0,21.542],[0,0],[0,0]],"v":[[54,41],[72.421,41],[107.833,7.118],[81.473,-25.642],[81.5,-26.715],[48,-60.215],[38.974,-58.975],[-12.727,-100.785],[-65.119,-50.913],[-65.119,-50.912],[-63.092,-37.181],[-66.859,-37.352],[-107.833,1.824],[-66.859,41],[-52,41]],"c":false},"ix":2},"nm":"Path 1","mn":"ADBE Vector Shape - Group","hd":false},{"ty":"st","c":{"a":0,"k":[0.3137254901960784,0.7686274509803922,0.9137254901960784,1],"ix":3},"o":{"a":0,"k":100,"ix":4},"w":{"a":0,"k":12,"ix":5},"lc":2,"lj":2,"bm":0,"nm":"Stroke 1","mn":"ADBE Vector Graphic - Stroke","hd":false},{"ty":"tr","p":{"a":0,"k":[0,0],"ix":2},"a":{"a":0,"k":[0,0],"ix":1},"s":{"a":0,"k":[100,100],"ix":3},"r":{"a":0,"k":0,"ix":6},"o":{"a":0,"k":100,"ix":7},"sk":{"a":0,"k":0,"ix":4},"sa":{"a":0,"k":0,"ix":5},"nm":"Transform"}],"nm":"Group 2","np":2,"cix":2,"bm":0,"ix":2,"mn":"ADBE Vector Group","hd":false}],"ip":25,"op":79,"st":20,"bm":0}],"markers":[]}